sport,market,side,american_odds,american_odds_display,model_prob,sized_prob,fair_prob,edge_pct,edge_pct_raw,shrinkage_alpha,ev_pct,bet_pct,bet_usd,confidence,signals,n_signals,pin_move_full,money_vs_tickets,clv_signed_train,trained_on,is_arb_side,arb_margin_pct,arb_book_count,arb_book,arb_partner_book,arb_partner_price,arb_partner_line,book,line,is_home,event_id,sport_key
NBA,h2h,Milwaukee Bucks,3300.0,+3300,0.526,0.3326,0.1391,19.35,38.69,0.5,1030.79,0.0010488364470665353,10.488364470665353,HIGH,ARBITRAGE(0.77%),0,0.0,0,0.0,unknown,1,0.772,6,matchbook,gtbets,-2717.0,,betmgm,,1.0,f31725bf02115b40d00c134f7f730357,basketball_nba
NBA,h2h,Washington Wizards,700.0,+700,0.4843,0.3025,0.1207,18.18,36.36,0.5,142.03,0.0010488364470665353,10.488364470665353,HIGH,CLV_MODEL,0,0.021146616541353372,0,0.020239512220347214,unknown,0,0.0,0,,,,,draftkings,,1.0,ccecac4a3706f43f36fd63ae97cbfc88,basketball_nba
MLB,spreads,San Diego Padres,180.0,+180,0.632,0.4862,0.3404,14.58,29.16,0.5,36.14,0.0010488364470665353,10.488364470665353,HIGH,ARBITRAGE(28.27%),0,0.0,0,0.0,unknown,1,28.27,10,pinnacle,matchbook,172.0,-1.5,bovada,-1.5,1.0,717163f13d80f9495ad5b88b9396ca1a,baseball_mlb
MLB,spreads,Milwaukee Brewers,175.0,+175,0.6359,0.493,0.3501,14.29,28.58,0.5,35.57,0.0010488364470665353,10.488364470665353,HIGH,ARBITRAGE(28.18%),0,0.0,0,0.0,unknown,1,28.181,11,lowvig,matchbook,176.0,-1.5,bovada,-1.5,1.0,d39ff9cf8baccfeb8924d92a8ef7f7f7,baseball_mlb
MLB,spreads,Los Angeles Dodgers,165.0,+165,0.6333,0.4972,0.3611,13.61,27.21,0.5,31.76,0.0010488364470665353,10.488364470665353,HIGH,ARBITRAGE(25.50%),0,0.0,0,0.0,unknown,1,25.499,14,matchbook,betmgm,165.0,-1.5,bovada,-1.5,1.0,1461fb537b3598f4090a3bd48ac75aa0,baseball_mlb
MLB,h2h,Colorado Rockies,350.0,+350,0.4641,0.3327,0.2014,13.14,26.27,0.5,49.73,0.0009308423467715499,9.3084234677155,HIGH,ARBITRAGE(2.43%),0,0.0,0,0.0,unknown,1,2.432,6,pinnacle,betmgm,-325.0,,fanduel,,0.0,3b5d0ef6c7e43cabe937c7a9f10067e9,baseball_mlb
NHL,h2h,Ottawa Senators,225.0,+225,0.5593,0.4289,0.2985,13.04,26.08,0.5,39.39,0.0010488364470665353,10.488364470665353,HIGH,ARBITRAGE(37.36%),0,-0.2184007498738193,0,0.0,unknown,1,37.362,21,pinnacle,coolbet,205.0,,bovada,,1.0,ba2e152d04d7eb0f5891169a17d654d6,icehockey_nhl
MLB,h2h,St. Louis Cardinals,400.0,+400,0.4474,0.3175,0.1876,12.99,25.98,0.5,58.75,0.0009623074401835462,9.623074401835462,HIGH,ARBITRAGE(22.37%),0,-0.2622519421063067,0,-0.259565029810894,unknown,1,22.37,21,pinnacle,williamhill,-138.0,,williamhill_us,,0.0,388c461670fe1eacbca3a3601d06ea5d,baseball_mlb
MLB,h2h,Boston Red Sox,870.0,+870,0.4302,0.301,0.1718,12.92,25.84,0.5,191.99,0.0010488364470665353,10.488364470665353,HIGH,ARBITRAGE(4.62%),0,0.0,0,0.0,unknown,1,4.62,15,unibet_nl,pinnacle,-651.0,,fanduel,,0.0,932ab74f8b661c6fcaea03f907780fce,baseball_mlb
MLB,spreads,Kansas City Royals,175.0,+175,0.6033,0.4743,0.3454,12.9,25.79,0.5,30.44,0.0010488364470665353,10.488364470665353,HIGH,ARBITRAGE(27.50%),0,-0.0012619570429822646,0,-0.0015339168514749146,unknown,1,27.502,7,pinnacle,betrivers,170.0,-1.5,bovada,-1.5,1.0,a9e65cafbd1db60c65e945dc6e13fcdf,baseball_mlb
MLB,spreads,Miami Marlins,158.0,+158,0.6294,0.5044,0.3794,12.5,24.99,0.5,30.14,0.0010488364470665353,10.488364470665353,HIGH,CLV_MODEL,0,0.0,0,0.0,unknown,0,0.0,0,,,,,fanduel,-1.5,0.0,392c482c74dac60779aaf9841598058b,baseball_mlb
MLB,spreads,Cleveland Guardians,170.0,+170,0.6048,0.4815,0.3582,12.33,24.66,0.5,30.0,0.0010488364470665353,10.488364470665353,HIGH,CLV_MODEL,0,0.0,0,0.0,unknown,0,0.0,0,,,,,bovada,-1.5,1.0,b2b5566d4285c0ab7ca9f78f4d1a6de7,baseball_mlb
MLB,spreads,Atlanta Braves,160.0,+160,0.6209,0.4979,0.3748,12.31,24.61,0.5,29.44,0.0010488364470665353,10.488364470665353,HIGH,CLV_MODEL,0,0.0,0,0.0,unknown,0,0.0,0,,,,,bovada,-1.5,1.0,4231dc4bed4b8aac32157bce916837c9,baseball_mlb
MLB,h2h,Detroit Tigers,375.0,+375,0.4469,0.3257,0.2045,12.12,24.24,0.5,54.72,0.0009570632579482133,9.570632579482133,HIGH,CLV_MODEL,0,0.0,0,0.0,unknown,0,0.0,0,,,,,betmgm,,0.0,923d805add7039794f2363537d65f6c3,baseball_mlb
NBA,h2h,Orlando Magic,310.0,+310,0.4747,0.3551,0.2356,11.96,23.91,0.5,45.59,0.0009649295313012124,9.649295313012125,HIGH,CLV_MODEL,0,0.0017545911802550052,0,0.003256957006184724,unknown,0,0.0,0,,,,,betmgm,,0.0,c9bc6bcae048283407d1cb53995eee8e,basketball_nba
MLB,totals,Over,100.0,+100,0.7202,0.6015,0.4829,11.86,23.72,0.5,20.31,0.0010488364470665353,10.488364470665353,HIGH,CLV_MODEL,0,0.00246293286045024,0,0.0012391415170682207,unknown,0,0.0,0,,,,,fanduel,8.5,0.0,5a82b72d720f0eb369a8aaea7d673273,baseball_mlb
MLB,totals,Under,100.0,+100,0.7182,0.6005,0.4829,11.76,23.52,0.5,20.11,0.0010488364470665353,10.488364470665353,HIGH,CLV_MODEL,0,0.0,0,0.0,unknown,0,0.0,0,,,,,bovada,9.0,0.0,2c16b21f64ac893fc7dd8fd60f2a018c,baseball_mlb
MLB,spreads,Kansas City Royals,680.0,+680,0.6105,0.4931,0.3758,11.73,23.47,0.5,284.63,0.0010488364470665353,10.488364470665353,HIGH,ARBITRAGE(5.86%),0,0.012403100775193798,0,-0.00035371293552599603,unknown,1,5.856,6,coolbet,mybookieag,-500.0,-1.5,draftkings,2.0,1.0,d599119eee8f7c6afc027334f7445633,baseball_mlb
MLB,totals,Under,-105.0,-105,0.7225,0.6067,0.4908,11.58,23.17,0.5,18.44,0.0010488364470665353,10.488364470665353,HIGH,CLV_MODEL,0,0.0,0,0.0,unknown,0,0.0,0,,,,,betmgm,7.5,0.0,392c482c74dac60779aaf9841598058b,baseball_mlb
NHL,h2h,Anaheim Ducks,164.0,+164,0.6087,0.4938,0.3788,11.5,23.0,0.5,30.35,0.0010488364470665353,10.488364470665353,HIGH,ARBITRAGE(18.78%),0,-0.004353883664228508,0,0.0,unknown,1,18.779,29,leovegas_se,leovegas_se,-113.0,,draftkings,,0.0,36ed21131d3e0f66cdddfaf605807019,icehockey_nhl
MLB,totals,Over,105.0,+105,0.7075,0.5932,0.4789,11.43,22.86,0.5,21.6,0.0010488364470665353,10.488364470665353,HIGH,CLV_MODEL,0,0.0,0,0.0,unknown,0,0.0,0,,,,,williamhill_us,14.0,0.0,de14a27d2ad6df38427c5adcc15cb1c1,baseball_mlb
MLB,totals,Over,-105.0,-105,0.7163,0.6024,0.4885,11.39,22.78,0.5,17.62,0.0010488364470665353,10.488364470665353,HIGH,CLV_MODEL,0,-0.021321961620469065,0,-0.018237174027326997,unknown,0,0.0,1,,,,,bovada,7.5,0.0,ebdf17398c47e7ea946db3d1e80d50e7,baseball_mlb
MLB,spreads,Pittsburgh Pirates,165.0,+165,0.6016,0.488,0.3743,11.37,22.73,0.5,29.31,0.0010488364470665353,10.488364470665353,HIGH,CLV_MODEL,0,0.0,0,0.0,unknown,0,0.0,0,,,,,betmgm,-1.5,1.0,f9bc114c35828121793d26f1d0d40338,baseball_mlb
MLB,totals,Over,-110.0,-110,0.7245,0.6133,0.5022,11.11,22.22,0.5,17.09,0.0010488364470665353,10.488364470665353,HIGH,ARBITRAGE(5.02%),0,0.0,0,0.0,unknown,1,5.019,2,betsson,pinnacle,-107.0,7.5,bovada,7.5,0.0,7350a8d7c4145d7f644e02a87a4bb365,baseball_mlb
NBA,h2h,Philadelphia 76ers,400.0,+400,0.4142,0.3048,0.1954,10.94,21.88,0.5,52.39,0.0008574237954768925,8.574237954768925,HIGH,CLV_MODEL,0,0.0008096903744008177,0,0.002027532690484668,unknown,0,0.0,4,,,,,betmgm,,0.0,d749c50ad2a2660df91f9dc1b8e20d78,basketball_nba
MLB,h2h,Texas Rangers,400.0,+400,0.4315,0.3235,0.2154,10.81,21.61,0.5,61.75,0.0010121271714192066,10.121271714192066,HIGH,CLV_MODEL,0,0.0,0,0.0,unknown,0,0.0,0,,,,,fanduel,,1.0,637539eefe84344993cdd0d125a3e0fa,baseball_mlb
MLB,totals,Over,-105.0,-105,0.7056,0.5982,0.4908,10.74,21.48,0.5,16.79,0.0010488364470665353,10.488364470665353,HIGH,CLV_MODEL,0,-0.02335139174294787,0,-0.019261927251373212,unknown,0,0.0,0,,,,,bovada,7.5,0.0,dad354a5f508e2a69c2cf2b029462737,baseball_mlb
NHL,h2h,Philadelphia Flyers,195.0,+195,0.5593,0.4533,0.3472,10.6,21.21,0.5,33.71,0.0010488364470665353,10.488364470665353,HIGH,ARBITRAGE(20.32%),0,-0.10526646556058322,0,0.0,unknown,1,20.323,21,coolbet,unibet_se,-148.0,,draftkings,,0.0,d907fb8cd63fbde63d560602dec6d6ab,icehockey_nhl
MLB,totals,Under,-102.0,-102,0.7109,0.6066,0.5023,10.43,20.86,0.5,20.13,0.0010488364470665353,10.488364470665353,HIGH,CLV_MODEL,0,0.0,0,0.0,unknown,0,0.0,0,,,,,betmgm,9.0,0.0,ce701a760fa0f743a20a0f8c455c6f67,baseball_mlb
MLB,spreads,Seattle Mariners,350.0,+350,0.5083,0.4042,0.3001,10.41,20.82,0.5,81.9,0.0010488364470665353,10.488364470665353,HIGH,ARBITRAGE(63.07%),0,0.0,0,0.0,unknown,1,63.072,8,williamhill_us,fanduel,580.0,-1.5,williamhill_us,-1.0,0.0,be47d30294aeb48696725d5dbe33216a,baseball_mlb
MLB,spreads,Chicago White Sox,175.0,+175,0.5559,0.4518,0.3477,10.41,20.81,0.5,24.24,0.000907243526712553,9.07243526712553,HIGH,ARBITRAGE(28.57%),0,0.0,0,0.0,unknown,1,28.571,11,pinnacle,matchbook,180.0,-1.5,bovada,-1.5,1.0,1e288a31989294698b1a4901c9fda486,baseball_mlb
MLB,totals,Over,-102.0,-102,0.7095,0.6068,0.5042,10.26,20.53,0.5,20.18,0.0010488364470665353,10.488364470665353,HIGH,CLV_MODEL,0,0.018147173577715225,0,0.00646984009996926,unknown,0,0.0,0,,,,,fanduel,10.0,0.0,b8cea4e418d432cea65f9d995118a4bf,baseball_mlb
MLB,totals,Under,-105.0,-105,0.6891,0.5866,0.4842,10.25,20.49,0.5,14.53,0.000999016715830875,9.990167158308749,HIGH,CLV_MODEL,0,-0.0024875621890547706,0,-0.00227042383905135,unknown,0,0.0,0,,,,,bovada,8.0,0.0,4331dd522336be02de34b61018be0cc9,baseball_mlb
MLB,totals,Over,-105.0,-105,0.6977,0.5954,0.4931,10.23,20.45,0.5,16.24,0.0010488364470665353,10.488364470665353,HIGH,CLV_MODEL,0,0.012339657611081356,0,0.012466029255869038,unknown,0,0.0,1,,,,,bovada,8.5,0.0,781a040a058473c689200f515770de83,baseball_mlb
NBA,h2h,Golden State Warriors,360.0,+360,0.4091,0.3074,0.2058,10.16,20.32,0.5,41.42,0.0007551622418879054,7.551622418879054,HIGH,CLV_MODEL,0,0.0,0,0.0,unknown,0,0.0,0,,,,,draftkings,,1.0,67a88265216bd48208f38288dba434ba,basketball_nba
MLB,totals,Under,105.0,+105,0.6781,0.577,0.4758,10.12,20.23,0.5,18.28,0.0010488364470665353,10.488364470665353,HIGH,CLV_MODEL,0,0.0,0,0.0,unknown,0,0.0,0,,,,,draftkings,9.0,0.0,b266f49858dc754c6db869ecff6d52d5,baseball_mlb
MLB,spreads,Seattle Mariners,146.0,+146,0.5918,0.4914,0.3909,10.05,20.09,0.5,20.88,0.000938708620124549,9.387086201245491,HIGH,CLV_MODEL,0,0.0016193807488016354,0,0.0014783882527005243,unknown,0,0.0,0,,,,,fanduel,-1.5,1.0,a69ddb925b6880022ed2ad0e0f2787fd,baseball_mlb
MLB,spreads,Arizona Diamondbacks,150.0,+150,0.5823,0.4823,0.3823,10.0,20.0,0.5,20.57,0.0008993772533595539,8.99377253359554,HIGH,ARBITRAGE(19.46%),0,0.0,0,0.0,unknown,1,19.462,8,pinnacle,matchbook,142.0,-1.5,bovada,-1.5,1.0,08936c478449a51f7fe13f0d1640984f,baseball_mlb
MLB,totals,Under,-105.0,-105,0.6852,0.5857,0.4862,9.95,19.89,0.5,14.35,0.0009885283513602094,9.885283513602094,HIGH,CLV_MODEL,0,0.0,0,0.0,unknown,0,0.0,0,,,,,draftkings,9.0,0.0,3c9ebf868da49e615e589bd0d839b640,baseball_mlb
MLB,spreads,Chicago White Sox,170.0,+170,0.5572,0.4577,0.3582,9.95,19.9,0.5,23.59,0.0009098656178302194,9.098656178302194,HIGH,ARBITRAGE(24.92%),0,-0.24773755656108598,0,-0.2390656284383375,unknown,1,24.921,4,pinnacle,lowvig,161.0,-1.5,bovada,-1.5,1.0,aede5ca829ddcbc5ee6726a1c0a03117,baseball_mlb
MLB,spreads,San Diego Padres,145.0,+145,0.5919,0.4932,0.3944,9.87,19.74,0.5,20.82,0.0009413307112422154,9.413307112422155,HIGH,CLV_MODEL,0,0.0,0,0.0,unknown,0,0.0,0,,,,,betmgm,-1.5,1.0,4c46549aafa11d0400c4c8c87e755dda,baseball_mlb
MLB,spreads,Tampa Bay Rays,165.0,+165,0.5771,0.4787,0.3803,9.84,19.68,0.5,26.86,0.0010488364470665353,10.488364470665353,HIGH,CLV_MODEL,0,0.006056476644711928,0,0.005998567699722734,unknown,0,0.0,0,,,,,betmgm,-1.5,1.0,5c57e8c626d8c6627101848a75f83307,baseball_mlb
MLB,totals,Under,-105.0,-105,0.6827,0.5846,0.4864,9.81,19.63,0.5,14.13,0.0009727958046542115,9.727958046542115,HIGH,CLV_MODEL,0,0.0,0,0.0,unknown,0,0.0,0,,,,,bovada,8.0,0.0,f9bc114c35828121793d26f1d0d40338,baseball_mlb
MLB,spreads,Chicago Cubs,145.0,+145,0.59,0.4923,0.3946,9.77,19.54,0.5,20.6,0.0009308423467715499,9.3084234677155,HIGH,CLV_MODEL,0,0.0,0,0.0,unknown,0,0.0,0,,,,,betmgm,-1.5,0.0,d221d6de333533ced3489663067a588d,baseball_mlb
MLB,totals,Under,-109.0,-109,0.6949,0.5974,0.5,9.74,19.49,0.5,14.55,0.0010409701737135362,10.409701737135363,HIGH,CLV_MODEL,0,0.0,0,0.0,unknown,0,0.0,0,,,,,draftkings,,0.0,1daf20445fbf24373621ac69d10909d6,baseball_mlb
MLB,totals,Over,104.0,+104,0.6899,0.5928,0.4957,9.71,19.42,0.5,20.92,0.0010488364470665353,10.488364470665353,HIGH,CLV_MODEL,0,0.0,0,0.0,unknown,0,0.0,0,,,,,fanduel,9.0,0.0,a06835fe8f4774ce140569b5ea8415bf,baseball_mlb
MLB,totals,Under,100.0,+100,0.6754,0.5792,0.4829,9.63,19.25,0.5,15.83,0.00103834808259587,10.3834808259587,HIGH,CLV_MODEL,0,0.0,0,0.0,unknown,0,0.0,0,,,,,betmgm,8.0,0.0,1a4159875887b1b0c4fe65b367df29a7,baseball_mlb
MLB,spreads,Pittsburgh Pirates,140.0,+140,0.5928,0.4978,0.4029,9.49,18.99,0.5,19.48,0.0009124877089478857,9.124877089478856,HIGH,CLV_MODEL,0,-0.0017146188402318296,0,-0.0015903534391591978,unknown,0,0.0,0,,,,,bovada,-1.5,1.0,5a82b72d720f0eb369a8aaea7d673273,baseball_mlb
MLB,totals,Under,-102.0,-102,0.6734,0.5787,0.4839,9.47,18.95,0.5,14.6,0.0009754178957718777,9.754178957718777,HIGH,CLV_MODEL,0,0.0,0,0.0,unknown,0,0.0,0,,,,,draftkings,8.0,0.0,4231e596c0ccb42a62c16bf46b6854a6,baseball_mlb
MLB,totals,Under,100.0,+100,0.6698,0.5752,0.4807,9.46,18.91,0.5,15.04,0.0009859062602425432,9.859062602425432,HIGH,CLV_MODEL,0,-0.004950495049504955,0,-0.002484319148348235,unknown,0,0.0,0,,,,,bovada,8.0,0.0,07187e7c60013c66b4831e61391ded49,baseball_mlb
MLB,spreads,New York Yankees,135.0,+135,0.5941,0.4996,0.4051,9.45,18.9,0.5,17.41,0.0008443133398885608,8.443133398885609,HIGH,CLV_MODEL,0,-0.02365873189197054,0,-0.02055387782611834,unknown,0,0.0,0,,,,,draftkings,-1.5,0.0,ebdf17398c47e7ea946db3d1e80d50e7,baseball_mlb
MLB,h2h,Cleveland Guardians,300.0,+300,0.4393,0.3452,0.2511,9.41,18.82,0.5,38.08,0.0008312028843002291,8.312028843002292,HIGH,ARBITRAGE(1.66%),0,0.0,0,0.0,unknown,1,1.663,1,mybookieag,betfair_ex_eu,-323.0,,betmgm,,0.0,f98073ff54e69128fe75a3c5776fb520,baseball_mlb
NBA,h2h,Dallas Mavericks,255.0,+255,0.4564,0.3631,0.2698,9.33,18.66,0.5,28.9,0.0007420517862995737,7.420517862995737,HIGH,CLV_MODEL,0,-0.03914172864107035,0,-0.038354845199282395,unknown,0,0.0,0,,,,,bovada,,1.0,529b588f29593d9353dc633d814bc188,basketball_nba
MLB,h2h,Baltimore Orioles,380.0,+380,0.4298,0.3367,0.2437,9.31,18.61,0.5,61.62,0.0010488364470665353,10.488364470665353,HIGH,ARBITRAGE(0.58%),0,0.0,0,0.0,unknown,1,0.58,5,williamhill_us,pinnacle,-367.0,,williamhill_us,,1.0,a06835fe8f4774ce140569b5ea8415bf,baseball_mlb
MLB,totals,Over,-110.0,-110,0.6902,0.5974,0.5046,9.28,18.56,0.5,14.04,0.0010121271714192066,10.121271714192066,HIGH,CLV_MODEL,0,0.0,0,0.0,unknown,0,0.0,0,,,,,fanduel,8.0,0.0,6dfa085cbcdafd48dfe2b4a3ec7d5e04,baseball_mlb
MLB,spreads,Pittsburgh Pirates,155.0,+155,0.5622,0.4708,0.3794,9.14,18.28,0.5,20.07,0.0008495575221238935,8.495575221238935,HIGH,CLV_MODEL,0,-0.0030518043793392735,0,-0.0008704767325903306,unknown,0,0.0,1,,,,,bovada,-1.5,0.0,2a8e5f1a3a4ac585a773ec30d535e4e0,baseball_mlb
MLB,totals,Under,-105.0,-105,0.671,0.5798,0.4885,9.12,18.25,0.5,13.2,0.000907243526712553,9.07243526712553,HIGH,CLV_MODEL,0,0.0,0,0.0,unknown,0,0.0,0,,,,,bovada,7.5,0.0,28a3f2a1820315be48605c5c321f0c19,baseball_mlb
MLB,totals,Over,-108.0,-108,0.6881,0.5975,0.5069,9.06,18.12,0.5,15.07,0.0010488364470665353,10.488364470665353,HIGH,CLV_MODEL,0,0.0,0,0.0,unknown,0,0.0,0,,,,,draftkings,7.5,0.0,d39ff9cf8baccfeb8924d92a8ef7f7f7,baseball_mlb
MLB,spreads,Arizona Diamondbacks,135.0,+135,0.5957,0.5053,0.4149,9.04,18.07,0.5,18.75,0.0009098656178302194,9.098656178302194,HIGH,CLV_MODEL,0,-0.0018185124568103062,0,0.0002458162081374615,unknown,0,0.0,0,,,,,betmgm,-1.5,1.0,dfff7f7620a1af42549f691892c9c7cd,baseball_mlb
MLB,spreads,Toronto Blue Jays,150.0,+150,0.6125,0.5222,0.4318,9.04,18.08,0.5,30.54,0.0010488364470665353,10.488364470665353,HIGH,ARBITRAGE(0.98%),0,-0.16397260750165116,0,-0.16333687373766453,unknown,1,0.984,3,williamhill_us,pinnacle,-144.0,-2.5,williamhill_us,2.5,0.0,e308577ae69b60256ed912a05d931a57,baseball_mlb
MLB,spreads,Seattle Mariners,146.0,+146,0.5814,0.4914,0.4013,9.01,18.01,0.5,20.88,0.000938708620124549,9.387086201245491,HIGH,CLV_MODEL,0,0.0,0,0.0,unknown,0,0.0,1,,,,,fanduel,-1.5,0.0,7401e0a3694fdfd518a0b949987e61b4,baseball_mlb
MLB,totals,Over,-105.0,-105,0.6764,0.5871,0.4979,8.92,17.85,0.5,14.63,0.0010068829891838737,10.068829891838737,HIGH,CLV_MODEL,0,0.0,0,0.0,unknown,0,0.0,0,,,,,draftkings,9.0,0.0,637539eefe84344993cdd0d125a3e0fa,baseball_mlb
MLB,totals,Over,-112.0,-112,0.6849,0.5982,0.5115,8.67,17.35,0.5,13.23,0.000970173713536545,9.70173713536545,HIGH,CLV_MODEL,0,0.0,0,0.0,unknown,0,0.0,0,,,,,draftkings,7.5,0.0,b2b5566d4285c0ab7ca9f78f4d1a6de7,baseball_mlb
MLB,spreads,Pittsburgh Pirates,165.0,+165,0.5347,0.4484,0.362,8.64,17.27,0.5,18.82,0.0007472959685349064,7.472959685349064,HIGH,ARBITRAGE(26.47%),0,0.0,0,0.0,unknown,1,26.467,14,matchbook,betrivers,170.0,-1.5,betmgm,-1.5,1.0,4231e596c0ccb42a62c16bf46b6854a6,baseball_mlb
MLB,spreads,Milwaukee Brewers,164.0,+164,0.5342,0.4481,0.362,8.61,17.22,0.5,18.3,0.0007315634218289084,7.315634218289084,HIGH,ARBITRAGE(25.09%),0,-0.27860243845373955,0,-0.27168800361463136,unknown,1,25.089,19,pinnacle,sport888,165.0,-1.5,fanduel,-1.5,1.0,72f79061defb394c2e533967c55edb30,baseball_mlb
MLB,totals,Under,-110.0,-110,0.675,0.5898,0.5046,8.52,17.04,0.5,12.6,0.000907243526712553,9.07243526712553,HIGH,CLV_MODEL,0,0.011841606669192872,0,0.014676456802761473,unknown,0,0.0,0,,,,,draftkings,8.0,0.0,34a8cd87a97eb098ddeb7d6d4022544d,baseball_mlb
NBA,h2h,Minnesota Timberwolves,195.0,+195,0.4934,0.4092,0.325,8.42,16.84,0.5,20.71,0.0006974762372992459,6.974762372992459,HIGH,CLV_MODEL,0,0.0,0,0.0,unknown,0,0.0,1,,,,,bovada,,1.0,b981ac0f551b6f109cd18fa31de439b4,basketball_nba
MLB,totals,Over,100.0,+100,0.6459,0.5621,0.4784,8.37,16.74,0.5,12.43,0.0008154703375942311,8.154703375942312,HIGH,CLV_MODEL,0,0.0,0,0.0,unknown,0,0.0,0,,,,,bovada,7.5,0.0,ce566623c1d73c8d56830bafe9334cbb,baseball_mlb
MLB,totals,Under,-110.0,-110,0.6632,0.5805,0.4977,8.28,16.55,0.5,10.82,0.0007787610619469025,7.787610619469024,HIGH,CLV_MODEL,0,-0.0047130906091669145,0,-0.0022899015342340845,unknown,0,0.0,0,,,,,fanduel,9.0,0.0,1716e08eb19cda68f1493c3d9b10107e,baseball_mlb
MLB,totals,Under,106.0,+106,0.671,0.5887,0.5063,8.23,16.47,0.5,21.27,0.0010488364470665353,10.488364470665353,HIGH,CLV_MODEL,0,0.0,0,0.0,unknown,0,0.0,0,,,,,fanduel,12.0,0.0,932ab74f8b661c6fcaea03f907780fce,baseball_mlb
MLB,totals,Over,-105.0,-105,0.6437,0.5616,0.4795,8.21,16.42,0.5,9.64,0.0006633890527695835,6.6338905276958355,HIGH,CLV_MODEL,0,0.0,0,0.0,unknown,0,0.0,0,,,,,bovada,10.0,0.0,c26a6d846d17f3b6d042903c4207d68f,baseball_mlb
MLB,h2h,Miami Marlins,240.0,+240,0.4525,0.3705,0.2885,8.2,16.4,0.5,25.97,0.0007105866928875776,7.105866928875776,HIGH,CLV_MODEL,0,0.0,0,0.0,unknown,0,0.0,0,,,,,betmgm,,0.0,54e35854b4573f13cd3a3491cd75cfa1,baseball_mlb
NBA,h2h,Orlando Magic,320.0,+320,0.4004,0.3187,0.2369,8.17,16.35,0.5,33.85,0.0006922320550639133,6.9223205506391325,HIGH,CLV_MODEL,0,-0.013367111812707638,0,-0.013151245386578109,unknown,0,0.0,0,,,,,williamhill_us,,0.0,912bee9cc9d36b6017819f012c0c56f1,basketball_nba
NHL,h2h,Los Angeles Kings,153.0,+153,0.5593,0.4781,0.3968,8.12,16.25,0.5,20.95,0.0008967551622418876,8.967551622418876,HIGH,ARBITRAGE(22.33%),0,0.0,0,0.0,unknown,1,22.326,29,unibet_se,onexbet,102.0,,bovada,,1.0,a8961751f4e2ecfa35e82df7de5f2269,icehockey_nhl
MLB,totals,Over,-115.0,-115,0.6692,0.588,0.5068,8.12,16.24,0.5,9.93,0.0007472959685349064,7.472959685349064,HIGH,CLV_MODEL,0,0.0,0,0.0,unknown,0,0.0,0,,,,,fanduel,8.0,0.0,eb5e5ee05cf9e2c9e3df8f51d9835b52,baseball_mlb
MLB,totals,Under,100.0,+100,0.6658,0.5863,0.5068,7.95,15.9,0.5,17.25,0.0010488364470665353,10.488364470665353,HIGH,CLV_MODEL,0,0.01885902876001888,0,0.018075013510937876,unknown,0,0.0,0,,,,,betmgm,9.0,0.0,99cbbfbfd9560db3b77799bea7dfc475,baseball_mlb
NHL,h2h,Boston Bruins,148.0,+148,0.5593,0.4805,0.4016,7.88,15.77,0.5,19.15,0.0008495575221238935,8.495575221238935,HIGH,ARBITRAGE(21.44%),0,0.0,0,0.0,unknown,1,21.435,30,onexbet,unibet_se,108.0,,williamhill_us,,0.0,dd8f3e272072c61a152ca09488cca7c8,icehockey_nhl
MLB,spreads,New York Yankees,106.0,+106,0.6249,0.5461,0.4673,7.88,15.77,0.5,12.5,0.0007735168797115697,7.735168797115697,HIGH,CLV_MODEL,0,0.0,0,0.0,unknown,0,0.0,0,,,,,fanduel,-1.5,0.0,7b000b2feb3413984543d3be6ccd448b,baseball_mlb
NHL,h2h,Montréal Canadiens,147.0,+147,0.5593,0.4813,0.4032,7.8,15.61,0.5,18.87,0.0008416912487708945,8.416912487708945,HIGH,ARBITRAGE(21.57%),0,0.0,0,0.0,unknown,1,21.569,30,leovegas_se,onexbet,104.0,,bovada,,0.0,380c27de2b84a263be1c51bd96c29a4c,icehockey_nhl
MLB,spreads,New York Mets,130.0,+130,0.5694,0.492,0.4147,7.73,15.47,0.5,13.17,0.0006633890527695835,6.6338905276958355,HIGH,CLV_MODEL,0,-0.0018341220057958574,0,-0.0016775142646692776,unknown,0,0.0,0,,,,,betmgm,-1.5,0.0,99cbbfbfd9560db3b77799bea7dfc475,baseball_mlb
MLB,totals,Under,104.0,+104,0.6501,0.5729,0.4958,7.71,15.43,0.5,16.88,0.0010488364470665353,10.488364470665353,HIGH,CLV_MODEL,0,0.0,0,0.0,unknown,0,0.0,0,,,,,fanduel,6.0,0.0,5ea60d3f2b8cbb37652324db287ef423,baseball_mlb
MLB,totals,Over,-108.0,-108,0.6529,0.5764,0.5,7.64,15.29,0.5,11.02,0.0007787610619469025,7.787610619469024,HIGH,CLV_MODEL,0,0.0023679848448969754,0,0.0022899015342340845,unknown,0,0.0,0,,,,,fanduel,8.0,0.0,72f79061defb394c2e533967c55edb30,baseball_mlb
MLB,h2h,Los Angeles Angels,333.0,+333,0.4333,0.357,0.2808,7.63,15.25,0.5,54.6,0.0010488364470665353,10.488364470665353,HIGH,ARBITRAGE(3.68%),0,0.0,0,0.0,unknown,1,3.685,13,unibet_se,mybookieag,-286.0,,betmgm,,0.0,d8627b6c88e823c4e5eadd5bb0041769,baseball_mlb
MLB,totals,Over,100.0,+100,0.6408,0.5647,0.4885,7.61,15.22,0.5,12.93,0.0008469354310062273,8.469354310062274,HIGH,CLV_MODEL,0,0.004975124378109486,0,0.006637187682781265,unknown,0,0.0,0,,,,,betmgm,8.0,0.0,a1a9de3dc48cafca34e52ab1babe5d9f,baseball_mlb
MLB,totals,Over,106.0,+106,0.6561,0.5801,0.5042,7.59,15.19,0.5,19.51,0.0010488364470665353,10.488364470665353,HIGH,ARBITRAGE(1.71%),0,0.0,0,0.0,unknown,1,1.705,2,fanduel,gtbets,101.0,5.5,fanduel,7.0,0.0,31a831e88d76ddeb493400030e7b7881,baseball_mlb
NHL,h2h,Los Angeles Kings,145.0,+145,0.5593,0.4846,0.4098,7.47,14.95,0.5,18.72,0.0008469354310062273,8.469354310062274,HIGH,ARBITRAGE(20.92%),0,0.0,0,0.0,unknown,1,20.922,29,unibet_se,onexbet,107.0,,bovada,,1.0,524a4ecbfee90fb1259c3e30014629ab,icehockey_nhl
MLB,spreads,Philadelphia Phillies,140.0,+140,0.649,0.5745,0.5,7.45,14.9,0.5,37.88,0.0010488364470665353,10.488364470665353,HIGH,ARBITRAGE(41.30%),0,0.0,0,0.0,unknown,1,41.297,6,coolbet,mybookieag,335.0,-1.5,fanduel,,0.0,0690cb513a9395d92f4b14ef1ff47d78,baseball_mlb
MLB,spreads,Cincinnati Reds,110.0,+110,0.6019,0.5289,0.456,7.3,14.59,0.5,11.08,0.0006607669616519172,6.607669616519172,HIGH,"SHARP_MONEY, ARBITRAGE(25.72%)",1,-0.008900756564307943,0,-0.00918911667900274,unknown,1,25.719,22,matchbook,betsson,252.0,-1.5,bovada,-1.5,1.0,781a040a058473c689200f515770de83,baseball_mlb
MLB,h2h,Miami Marlins,260.0,+260,0.4287,0.3565,0.2843,7.22,14.45,0.5,28.34,0.000713208784005244,7.1320878400524395,HIGH,CLV_MODEL,0,0.0,0,0.0,unknown,0,0.0,0,,,,,fanduel,,0.0,65f2df473a540a92e7f974a290ed36fb,baseball_mlb
NHL,h2h,Anaheim Ducks,137.0,+137,0.5593,0.488,0.4167,7.13,14.26,0.5,15.65,0.0007499180596525727,7.499180596525727,HIGH,ARBITRAGE(20.04%),0,0.0,0,0.0,unknown,1,20.043,29,coolbet,unibet_se,112.0,,bovada,,0.0,31e4aee667b88ad646e816ee99e31915,icehockey_nhl
NHL,h2h,Utah Mammoth,142.0,+142,0.5593,0.4889,0.4184,7.04,14.09,0.5,18.3,0.0008443133398885608,8.443133398885609,HIGH,ARBITRAGE(20.31%),0,0.003472282504904556,0,0.0,unknown,1,20.306,30,marathonbet,onexbet,109.0,,bovada,,0.0,4868659ab89eec9f59b336ce39d0d61e,icehockey_nhl
MLB,totals,Under,-110.0,-110,0.6453,0.5627,0.4801,8.26,16.52,0.5,7.42,0.000534906588003933,5.34906588003933,MEDIUM,ARBITRAGE(7.34%),0,0.0,0,0.0,unknown,1,7.336,3,gtbets,bovada,110.0,16.5,betmgm,15.5,0.0,0690cb513a9395d92f4b14ef1ff47d78,baseball_mlb
NHL,spreads,Tampa Bay Lightning,220.0,+220,0.4481,0.3669,0.2856,8.12,16.25,0.5,17.4,0.000519174041297935,5.19174041297935,MEDIUM,CLV_MODEL,0,-0.019070139974827427,0,-0.021290221628083417,synthetic,0,0.0,0,,,,,fanduel,-1.5,0.0,ae9003a3e6fcbb6dcb1aa2bb4ce6947a,icehockey_nhl
MLB,spreads,Toronto Blue Jays,185.0,+185,0.4953,0.4155,0.3356,7.98,15.96,0.5,18.41,0.0006529006882989182,6.529006882989182,MEDIUM,ARBITRAGE(29.29%),0,0.0,0,0.0,unknown,1,29.285,11,pinnacle,matchbook,176.0,-1.5,bovada,-1.5,1.0,5a48e526a92801449cb2aff612e11b5f,baseball_mlb
NHL,spreads,Philadelphia Flyers,230.0,+230,0.4481,0.3685,0.2889,7.96,15.92,0.5,21.61,0.0006161914126515894,6.161914126515894,MEDIUM,CLV_MODEL,0,-0.00824100357110158,0,-0.006638366794469441,synthetic,0,0.0,0,,,,,bovada,-1.5,1.0,f0b24d77783a06281b031dd344143437,icehockey_nhl
NHL,spreads,Tampa Bay Lightning,235.0,+235,0.4481,0.3686,0.2892,7.95,15.9,0.5,23.5,0.0006555227794165846,6.555227794165846,MEDIUM,ARBITRAGE(41.98%),0,-0.005510097253216495,0,-0.005331092899433565,synthetic,1,41.98,19,bovada,matchbook,255.0,-1.5,bovada,-1.5,0.0,666be81702350734d3483a03c4603f67,icehockey_nhl
NHL,spreads,Buffalo Sabres,225.0,+225,0.4481,0.3714,0.2947,7.67,15.34,0.5,20.71,0.0006030809570632577,6.030809570632577,MEDIUM,ARBITRAGE(41.64%),0,-0.0028315777551251586,0,-0.0027500571310770106,synthetic,1,41.641,19,pinnacle,matchbook,260.0,-1.5,bovada,-1.5,0.0,e8e7f71bd27bb8061fbbd5af896ae23c,icehockey_nhl
NHL,spreads,Boston Bruins,225.0,+225,0.4481,0.3716,0.2951,7.65,15.3,0.5,20.77,0.0006057030481809241,6.057030481809241,MEDIUM,ARBITRAGE(39.66%),0,-0.00376392652815416,0,-0.0023475206235550883,synthetic,1,39.661,19,pinnacle,matchbook,235.0,-1.5,draftkings,-1.5,1.0,d618bdbd532e173a5e9e0f985de4af4c,icehockey_nhl
NHL,spreads,Vegas Golden Knights,225.0,+225,0.4481,0.3719,0.2957,7.62,15.24,0.5,20.88,0.0006083251392985904,6.083251392985904,MEDIUM,ARBITRAGE(40.75%),0,0.0,0,0.0,synthetic,1,40.754,19,pinnacle,matchbook,250.0,-1.5,bovada,-1.5,0.0,c5c914c5b8c28d64ff00b6e65dbd3831,icehockey_nhl
NHL,spreads,Vegas Golden Knights,220.0,+220,0.4481,0.3726,0.297,7.56,15.11,0.5,19.22,0.0005716158636512618,5.716158636512618,MEDIUM,ARBITRAGE(39.66%),0,-0.0028490569621455464,0,-0.0012906160519249865,synthetic,1,39.661,19,betus,matchbook,235.0,-1.5,draftkings,-1.5,0.0,863fdb33769ad2bb155134384e205a7a,icehockey_nhl
MLB,totals,Over,-110.0,-110,0.6446,0.5711,0.4977,7.34,14.69,0.5,9.04,0.0006529006882989182,6.529006882989182,MEDIUM,CLV_MODEL,0,0.0,0,0.0,unknown,0,0.0,1,,,,,draftkings,9.5,0.0,b5cfe25f8464fa7df106032a0f8176cb,baseball_mlb
MLB,spreads,Kansas City Royals,140.0,+140,0.5412,0.4694,0.3976,7.18,14.36,0.5,12.66,0.0005925925925925924,5.925925925925924,MEDIUM,CLV_MODEL,0,0.0,0,0.0,unknown,0,0.0,0,,,,,betmgm,-1.5,0.0,630b5c008c0741c01c32f890068fa598,baseball_mlb
NHL,spreads,Ottawa Senators,215.0,+215,0.4481,0.3764,0.3047,7.17,14.34,0.5,18.57,0.0005663716814159291,5.663716814159291,MEDIUM,ARBITRAGE(39.98%),0,-0.009159186664224217,0,-0.007083422192437627,synthetic,1,39.982,19,pinnacle,matchbook,250.0,-1.5,bovada,-1.5,1.0,51287ae15947cf3f02665904d8b8be9d,icehockey_nhl
NHL,spreads,Philadelphia Flyers,215.0,+215,0.4481,0.3769,0.3056,7.12,14.25,0.5,18.72,0.0005716158636512618,5.716158636512618,MEDIUM,ARBITRAGE(39.88%),0,0.0009920044441799059,0,0.0027367433145857323,synthetic,1,39.883,19,pinnacle,matchbook,250.0,-1.5,bovada,-1.5,1.0,63dc13d149982e8f2c908b42b236c912,icehockey_nhl
NHL,spreads,Philadelphia Flyers,215.0,+215,0.4481,0.3771,0.306,7.1,14.21,0.5,18.78,0.0005716158636512618,5.716158636512618,MEDIUM,ARBITRAGE(40.48%),0,-0.002028500431056346,0,-0.001821801223611863,synthetic,1,40.476,19,bovada,matchbook,260.0,-1.5,bovada,-1.5,1.0,5c15c0058458a00ae3cce4d5171e658e,icehockey_nhl
MLB,spreads,Los Angeles Angels,130.0,+130,0.5597,0.489,0.4183,7.07,14.14,0.5,12.47,0.0006293018682399211,6.293018682399211,MEDIUM,CLV_MODEL,0,0.0,0,0.0,unknown,0,0.0,0,,,,,betmgm,-1.5,0.0,be00405883c8d7ad0c220c8af4c08a53,baseball_mlb
MLB,spreads,Seattle Mariners,130.0,+130,0.5635,0.4939,0.4242,6.97,13.93,0.5,13.59,0.0006843657817109142,6.8436578171091424,MEDIUM,CLV_MODEL,0,0.0,0,0.0,unknown,0,0.0,1,,,,,bovada,-1.5,0.0,70d642527538cc1ee9ace67b17830b01,baseball_mlb
NHL,spreads,Boston Bruins,215.0,+215,0.4481,0.3787,0.3093,6.94,13.88,0.5,19.29,0.0005873484103572597,5.873484103572597,MEDIUM,CLV_MODEL,0,0.009891294671559525,0,0.010778534835563458,synthetic,0,0.0,0,,,,,draftkings,-1.5,1.0,22d202aee787bcd6f4488f76fa15c3fd,icehockey_nhl
MLB,spreads,New York Mets,135.0,+135,0.5544,0.485,0.4156,6.94,13.88,0.5,13.97,0.0006791215994755816,6.791215994755816,MEDIUM,CLV_MODEL,0,-0.04616619831393015,0,-0.04271754388368609,unknown,0,0.0,0,,,,,betmgm,-1.5,1.0,0ac87629ee3c61883fb75f522f9e964d,baseball_mlb
MLB,spreads,Detroit Tigers,122.0,+122,0.6388,0.5694,0.5,6.94,13.88,0.5,26.4,0.0010488364470665353,10.488364470665353,MEDIUM,CLV_MODEL,0,0.0,0,0.0,unknown,0,0.0,0,,,,,betmgm,,0.0,68d4de1e01d8567e0d2e4a137d4b254b,baseball_mlb
NHL,spreads,Dallas Stars,205.0,+205,0.4481,0.3788,0.3095,6.93,13.86,0.5,15.54,0.0004981973123566043,4.981973123566043,MEDIUM,CLV_MODEL,0,-0.02180811043627129,0,-0.01976159756158191,synthetic,0,0.0,0,,,,,bovada,-1.5,1.0,e8322a50bcedf7972380cade07b6278d,icehockey_nhl
MLB,totals,Under,100.0,+100,0.6209,0.5519,0.4829,6.9,13.8,0.5,10.38,0.0006817436905932479,6.817436905932479,MEDIUM,CLV_MODEL,0,0.0,0,0.0,unknown,0,0.0,0,,,,,bovada,7.5,0.0,5a48e526a92801449cb2aff612e11b5f,baseball_mlb
MLB,totals,Under,-105.0,-105,0.6255,0.557,0.4885,6.85,13.7,0.5,8.75,0.0006030809570632577,6.030809570632577,MEDIUM,CLV_MODEL,0,0.0,0,0.0,unknown,0,0.0,0,,,,,bovada,8.0,0.0,ca628e132f0ee9d811d1967c7062a0a5,baseball_mlb
NBA,h2h,New York Knicks,300.0,+300,0.3889,0.3205,0.2521,6.84,13.68,0.5,28.2,0.0006161914126515894,6.161914126515894,MEDIUM,CLV_MODEL,0,0.0046382189239331795,0,0.006024759352546094,unknown,0,0.0,0,,,,,betmgm,,0.0,f1fe04fb5d59dc4d3b310d56b74a9f2a,basketball_nba
NBA,h2h,Los Angeles Lakers,295.0,+295,0.3803,0.312,0.2438,6.82,13.64,0.5,23.26,0.0005165519501802685,5.165519501802685,MEDIUM,CLV_MODEL,0,-0.00581312733332473,0,-0.004241725186888895,unknown,0,0.0,0,,,,,fanduel,,0.0,97f990a7956a23f16f9298270f5b556e,basketball_nba
MLB,h2h,Texas Rangers,200.0,+200,0.4353,0.3682,0.3012,6.71,13.41,0.5,10.47,0.0003434939364142903,3.434939364142903,MEDIUM,ARBITRAGE(3.23%),0,0.0,0,0.0,unknown,1,3.233,4,betfair_ex_eu,fanatics,-190.0,,bovada,,1.0,d8f901c0fc526d986a568d86c64039d5,baseball_mlb
NBA,h2h,Indiana Pacers,280.0,+280,0.3831,0.317,0.2509,6.61,13.22,0.5,20.45,0.0004798426745329399,4.798426745329399,MEDIUM,ARBITRAGE(1.72%),0,0.034182686179766136,0,0.034697603525776693,unknown,1,1.719,10,matchbook,onexbet,-283.0,,draftkings,,1.0,4a5c2769cf86051e5ed8bdd8a6633ab4,basketball_nba
NBA,totals,Under,-110.0,-110,0.6233,0.5572,0.4911,6.61,13.22,0.5,6.37,0.0004588659455916092,4.588659455916092,MEDIUM,CLV_MODEL,0,0.0,0,0.0,unknown,0,0.0,0,,,,,fanduel,224.0,0.0,e4d639b6c49e5fd0accc6e80636e88fe,basketball_nba
MLB,totals,Under,-105.0,-105,0.6362,0.5704,0.5046,6.58,13.16,0.5,11.36,0.0007813831530645688,7.813831530645688,MEDIUM,CLV_MODEL,0,0.0,0,0.0,unknown,0,0.0,0,,,,,bovada,16.0,0.0,08936c478449a51f7fe13f0d1640984f,baseball_mlb
MLB,h2h,San Francisco Giants,176.0,+176,0.4769,0.4115,0.346,6.54,13.08,0.5,13.56,0.0005060635857096033,5.060635857096033,MEDIUM,CLV_MODEL,0,0.0,0,0.001829911418938679,unknown,0,0.0,0,,,,,fanduel,,1.0,a51b58a3d9fe032b72e59da66a7243fc,baseball_mlb
MLB,spreads,Chicago Cubs,158.0,+158,0.6299,0.565,0.5,6.5,12.99,0.5,45.76,0.0010488364470665353,10.488364470665353,MEDIUM,CLV_MODEL,0,0.0,0,0.0,unknown,0,0.0,0,,,,,bovada,,1.0,32248ad614446ff9ecba4120375bb93d,baseball_mlb
MLB,totals,Over,-105.0,-105,0.6339,0.5692,0.5046,6.47,12.93,0.5,11.14,0.0007656506063585708,7.656506063585708,MEDIUM,CLV_MODEL,0,0.0,0,0.0,unknown,0,0.0,0,,,,,williamhill_us,9.0,0.0,7b000b2feb3413984543d3be6ccd448b,baseball_mlb
MLB,totals,Over,-110.0,-110,0.6383,0.5737,0.509,6.46,12.92,0.5,9.52,0.0006869878728285806,6.869878728285806,MEDIUM,CLV_MODEL,0,0.0,0,0.0,unknown,0,0.0,0,,,,,betmgm,8.0,0.0,4c46549aafa11d0400c4c8c87e755dda,baseball_mlb
NHL,spreads,Vegas Golden Knights,205.0,+205,0.4481,0.384,0.3199,6.41,12.82,0.5,17.13,0.0005480170435922646,5.480170435922646,MEDIUM,CLV_MODEL,0,0.0,0,0.0,synthetic,0,0.0,0,,,,,draftkings,-1.5,0.0,8ac64c0fb7471af7aaeb79ec29b21108,icehockey_nhl
MLB,totals,Over,100.0,+100,0.6169,0.5545,0.4922,6.24,12.47,0.5,10.9,0.0007158308751229103,7.158308751229103,MEDIUM,CLV_MODEL,0,0.002414759007051015,0,0.001186635022309479,unknown,0,0.0,0,,,,,betmgm,9.5,0.0,153461ac6d07b9cf3c047b0052a27400,baseball_mlb
MLB,spreads,Philadelphia Phillies,135.0,+135,0.5395,0.4772,0.4149,6.23,12.45,0.5,12.14,0.000589970501474926,5.8997050147492605,MEDIUM,CLV_MODEL,0,0.0,0,0.0,unknown,0,0.0,0,,,,,williamhill_us,-1.5,1.0,ca628e132f0ee9d811d1967c7062a0a5,baseball_mlb
NBA,h2h,Toronto Raptors,310.0,+310,0.3689,0.3072,0.2455,6.17,12.35,0.5,25.95,0.0005480170435922646,5.480170435922646,MEDIUM,CLV_MODEL,0,0.002563757442908321,0,0.002422602426758763,unknown,0,0.0,2,,,,,betmgm,,0.0,6fa2ebdc614d327bc9a4558541adcd30,basketball_nba
NBA,totals,Under,-105.0,-105,0.6209,0.5593,0.4977,6.16,12.32,0.5,9.2,0.0006345460504752538,6.345460504752538,MEDIUM,CLV_MODEL,0,-0.002345105764269939,0,-3.1657621779423994e-05,unknown,0,0.0,0,,,,,fanduel,225.5,0.0,4d3b276afc5789fb4a6564eee411bfa9,basketball_nba
MLB,totals,Over,-105.0,-105,0.6164,0.5548,0.4931,6.16,12.33,0.5,8.31,0.0005716158636512618,5.716158636512618,MEDIUM,CLV_MODEL,0,0.0,0,0.0,unknown,0,0.0,0,,,,,draftkings,7.5,0.0,f837a42730f5b62ac990bb62b5c144a3,baseball_mlb
NBA,totals,Over,-105.0,-105,0.6228,0.5614,0.5,6.14,12.28,0.5,9.6,0.0006607669616519172,6.607669616519172,MEDIUM,CLV_MODEL,0,-0.002345105764269939,0,0.0022258825624359435,unknown,0,0.0,0,,,,,draftkings,215.5,0.0,d749c50ad2a2660df91f9dc1b8e20d78,basketball_nba
MLB,spreads,Boston Red Sox,-110.0,-110,0.6242,0.5632,0.5022,6.1,12.2,0.5,7.53,0.000542772861356932,5.42772861356932,MEDIUM,ARBITRAGE(1.34%),0,0.0,0,0.0,unknown,1,1.335,1,pinnacle,coolbet,115.0,2.5,bovada,-2.5,0.0,a06835fe8f4774ce140569b5ea8415bf,baseball_mlb
MLB,spreads,San Francisco Giants,175.0,+175,0.4722,0.4125,0.3529,5.97,11.93,0.5,13.45,0.0005034414945919368,5.0344149459193686,MEDIUM,ARBITRAGE(27.79%),0,0.0,0,0.0,unknown,1,27.794,15,lowvig,fanatics,175.0,-1.5,williamhill_us,-1.5,1.0,f837a42730f5b62ac990bb62b5c144a3,baseball_mlb
NHL,h2h,Anaheim Ducks,127.0,+127,0.5593,0.4999,0.4405,5.94,11.88,0.5,13.48,0.0006948541461815796,6.948541461815796,MEDIUM,ARBITRAGE(20.30%),0,-0.03340501492786607,0,0.0,unknown,1,20.299,29,onexbet,unibet_se,120.0,,bovada,,1.0,e2d2c01a1afa073fc70698a37554c36e,icehockey_nhl
NHL,spreads,Minnesota Wild,185.0,+185,0.4481,0.3889,0.3298,5.92,11.84,0.5,10.85,0.00038544739429695167,3.8544739429695167,MEDIUM,ARBITRAGE(39.32%),0,0.0011530035743110845,0,0.002821129984936166,synthetic,1,39.32,19,pinnacle,matchbook,275.0,-1.5,bovada,-1.5,1.0,6031286e148baa9052fdb432c6534b8e,icehockey_nhl
NBA,h2h,Miami Heat,165.0,+165,0.4798,0.4209,0.362,5.89,11.78,0.5,11.54,0.0004588659455916092,4.588659455916092,MEDIUM,CLV_MODEL,0,0.0,0,0.0,unknown,0,0.0,1,,,,,betmgm,,1.0,5f035331e20684a116344413531bab36,basketball_nba
MLB,h2h,Colorado Rockies,166.0,+166,0.4778,0.4191,0.3603,5.88,11.76,0.5,11.47,0.0004536217633562765,4.536217633562765,MEDIUM,CLV_MODEL,0,-0.001356631213370929,0,-0.0008493528032035291,unknown,0,0.0,0,,,,,fanduel,,0.0,781a040a058473c689200f515770de83,baseball_mlb
MLB,spreads,Philadelphia Phillies,140.0,+140,0.5307,0.4718,0.413,5.88,11.76,0.5,13.24,0.0006188135037692558,6.1881350376925575,MEDIUM,CLV_MODEL,0,0.012308774397749245,0,0.011871687356646565,unknown,0,0.0,0,,,,,betmgm,-1.5,0.0,224916189ace451ec4c3a758ac5d3b0d,baseball_mlb
MLB,totals,Under,100.0,+100,0.5984,0.5401,0.4817,5.84,11.68,0.5,8.01,0.0005244182235332677,5.244182235332676,MEDIUM,CLV_MODEL,0,0.0,0,0.0,unknown,0,0.0,0,,,,,betmgm,7.5,0.0,7401e0a3694fdfd518a0b949987e61b4,baseball_mlb
MLB,totals,Under,108.0,+108,0.5921,0.534,0.4758,5.82,11.63,0.5,11.07,0.0006712553261225825,6.712553261225826,MEDIUM,CLV_MODEL,0,0.0,0,0.0,unknown,0,0.0,0,,,,,fanduel,9.0,0.0,1a7da3935dee427bcfb5038b6aca6b69,baseball_mlb
MLB,totals,Under,-110.0,-110,0.6161,0.5581,0.5,5.81,11.61,0.5,6.54,0.0004719764011799408,4.719764011799408,MEDIUM,CLV_MODEL,0,0.0,0,0.0,unknown,0,0.0,0,,,,,fanduel,,0.0,7459efe5719c27130877cc640b75f8ba,baseball_mlb
NHL,spreads,Minnesota Wild,190.0,+190,0.4481,0.39,0.3319,5.81,11.62,0.5,13.1,0.00045099967223861015,4.509996722386101,MEDIUM,ARBITRAGE(39.09%),0,0.003482702577199903,0,0.00523359516073596,synthetic,1,39.087,19,pinnacle,matchbook,275.0,-1.5,draftkings,-1.5,1.0,5f5b84958bdfdccd00b3c51b7c26f1a1,icehockey_nhl
MLB,spreads,Miami Marlins,115.0,+115,0.6311,0.5731,0.5152,5.8,11.59,0.5,23.23,0.0010488364470665353,10.488364470665353,MEDIUM,ARBITRAGE(2.75%),0,0.15157360768763617,0,0.1390418638334161,unknown,1,2.749,4,fanatics,pinnacle,-103.0,2.5,betmgm,-2.5,1.0,388c461670fe1eacbca3a3601d06ea5d,baseball_mlb
MLB,h2h,Colorado Rockies,175.0,+175,0.4672,0.4098,0.3524,5.74,11.48,0.5,12.69,0.00047459849229760726,4.745984922976072,MEDIUM,CLV_MODEL,0,0.0,0,0.0,unknown,0,0.0,0,,,,,williamhill_us,,0.0,0ba37739cdf2986dfc1463c1da6a09f1,baseball_mlb
MLB,h2h,Cincinnati Reds,250.0,+250,0.4311,0.3737,0.3163,5.74,11.48,0.5,30.78,0.0008076040642412322,8.076040642412321,MEDIUM,ARBITRAGE(21.43%),0,0.0,0,0.0,unknown,1,21.429,20,betmgm,mybookieag,100.0,,betmgm,,1.0,4bfe574e7c5269d65b3a9936e5793ada,baseball_mlb
MLB,totals,Over,118.0,+118,0.6139,0.5569,0.5,5.69,11.39,0.5,21.41,0.0010488364470665353,10.488364470665353,MEDIUM,CLV_MODEL,0,0.0,0,0.0,unknown,0,0.0,0,,,,,betmgm,,0.0,8a412fa061b10c75d57bc591bf081271,baseball_mlb
NBA,totals,Over,-110.0,-110,0.6108,0.5542,0.4977,5.65,11.31,0.5,5.81,0.00041953457882661413,4.195345788266141,MEDIUM,CLV_MODEL,0,-0.009335978527249322,0,-0.004515784096670139,unknown,0,0.0,0,,,,,bovada,224.0,0.0,6faf1f26b1e369d008c889f78e15732b,basketball_nba
MLB,h2h,Baltimore Orioles,150.0,+150,0.4943,0.4383,0.3823,5.6,11.2,0.5,9.57,0.00041953457882661413,4.195345788266141,MEDIUM,CLV_MODEL,0,-0.003100054250949391,0,-0.0028729702919664812,unknown,0,0.0,0,,,,,williamhill_us,,0.0,f451d4c00cab2b041332088186c10c3c,baseball_mlb
MLB,totals,Under,-115.0,-115,0.6358,0.5798,0.5238,5.6,11.2,0.5,8.4,0.0006319239593575875,6.319239593575874,MEDIUM,CLV_MODEL,0,0.008654074987559768,0,0.007736548072364791,unknown,0,0.0,0,,,,,fanduel,9.5,0.0,630b5c008c0741c01c32f890068fa598,baseball_mlb
MLB,h2h,Washington Nationals,158.0,+158,0.4878,0.4323,0.3767,5.56,11.11,0.5,11.53,0.00047722058341527354,4.772205834152736,MEDIUM,CLV_MODEL,0,0.0,0,0.0,unknown,0,0.0,0,,,,,fanduel,,0.0,fbf763600d3ccdeb10333812e326159f,baseball_mlb
MLB,totals,Over,-110.0,-110,0.6233,0.5684,0.5136,5.49,10.98,0.5,8.52,0.0006135693215339232,6.135693215339232,MEDIUM,CLV_MODEL,0,0.0,0,0.0,unknown,0,0.0,0,,,,,williamhill_us,7.5,0.0,5c57e8c626d8c6627101848a75f83307,baseball_mlb
NBA,totals,Under,-105.0,-105,0.6076,0.5527,0.4977,5.49,10.98,0.5,7.9,0.000542772861356932,5.42772861356932,MEDIUM,CLV_MODEL,0,-0.002345105764269939,0,-0.0022575401842153675,unknown,0,0.0,0,,,,,draftkings,216.0,0.0,6fa2ebdc614d327bc9a4558541adcd30,basketball_nba
NBA,totals,Under,-105.0,-105,0.6067,0.5523,0.4978,5.45,10.9,0.5,7.82,0.0005375286791215994,5.375286791215993,MEDIUM,CLV_MODEL,0,-0.002322556670382836,0,-0.0022258825624359435,unknown,0,0.0,0,,,,,williamhill_us,200.5,0.0,62dc6619019d4366984883a71b283077,basketball_nba
NBA,totals,Under,108.0,+108,0.6085,0.5543,0.5,5.43,10.85,0.5,15.29,0.0009282202556538837,9.282202556538836,MEDIUM,CLV_MODEL,0,0.0070356472795497504,0,0.006680026720106869,unknown,0,0.0,0,,,,,fanduel,218.0,0.0,8d8ab21ae69d529ee4bd01fb8ace8276,basketball_nba
MLB,spreads,San Diego Padres,-106.0,-106,0.6056,0.5516,0.4977,5.4,10.79,0.5,7.21,0.0005008194034742706,5.008194034742706,MEDIUM,CLV_MODEL,0,0.012291483757682131,0,0.013729087231001913,unknown,0,0.0,0,,,,,fanduel,-1.5,0.0,863d10a0d1fd4ccb9810966d4740d766,baseball_mlb
MLB,spreads,Milwaukee Brewers,110.0,+110,0.5641,0.5102,0.4563,5.39,10.78,0.5,7.14,0.00042477876106194676,4.247787610619468,MEDIUM,CLV_MODEL,0,0.0,0,0.0,unknown,0,0.0,0,,,,,bovada,-1.5,0.0,a469364d09b62046dd2c9d0acf413e9b,baseball_mlb
MLB,spreads,Athletics,175.0,+175,0.4501,0.3963,0.3425,5.38,10.76,0.5,8.97,0.0003356276630612913,3.356276630612913,MEDIUM,ARBITRAGE(24.66%),0,-0.008961950120346174,0,-0.008524951240433565,unknown,1,24.664,10,pinnacle,bovada,150.0,-1.5,williamhill_us,-1.5,1.0,153461ac6d07b9cf3c047b0052a27400,baseball_mlb
MLB,spreads,Detroit Tigers,165.0,+165,0.4738,0.4203,0.3667,5.35,10.71,0.5,11.37,0.00045099967223861015,4.509996722386101,MEDIUM,CLV_MODEL,0,-0.005739539688916995,0,-0.00352596651983611,unknown,0,0.0,0,,,,,betmgm,-1.5,1.0,a1a9de3dc48cafca34e52ab1babe5d9f,baseball_mlb
NHL,h2h,Dallas Stars,117.0,+117,0.5593,0.5059,0.4525,5.34,10.68,0.5,9.78,0.0005480170435922646,5.480170435922646,MEDIUM,ARBITRAGE(20.22%),0,-0.019209425424741744,0,0.0,unknown,1,20.22,29,onexbet,leovegas_se,125.0,,bovada,,0.0,5f5b84958bdfdccd00b3c51b7c26f1a1,icehockey_nhl
NBA,totals,Under,-110.0,-110,0.6113,0.5579,0.5046,5.33,10.67,0.5,6.51,0.0004693543100622745,4.693543100622746,MEDIUM,CLV_MODEL,0,0.0,0,0.0045804323928180235,unknown,0,0.0,0,,,,,betmgm,215.5,0.0,b3eb8f644d05290981f8805f5410f24a,basketball_nba
NBA,totals,Under,-110.0,-110,0.6018,0.5486,0.4954,5.32,10.63,0.5,4.73,0.00034087184529662395,3.4087184529662395,MEDIUM,CLV_MODEL,0,-0.004759185227489082,0,-0.00012807264214992342,unknown,0,0.0,0,,,,,draftkings,209.5,0.0,88e10294c54deffd6e9e6efcba249d2c,basketball_nba
MLB,totals,Over,-105.0,-105,0.6382,0.5852,0.5321,5.3,10.6,0.5,14.24,0.0009806620780072105,9.806620780072105,MEDIUM,ARBITRAGE(2.05%),0,0.0,0,0.0,unknown,1,2.052,3,williamhill_us,gtbets,114.0,4.5,betmgm,4.5,0.0,eb2a21d7a425f6a975d1eae9da93e4c7,baseball_mlb
MLB,spreads,Colorado Rockies,115.0,+115,0.6284,0.5756,0.5227,5.29,10.58,0.5,23.75,0.0010488364470665353,10.488364470665353,MEDIUM,ARBITRAGE(6.98%),0,0.0,0,0.0,unknown,1,6.977,15,betmgm,mybookieag,115.0,1.5,betmgm,-2.5,1.0,de14a27d2ad6df38427c5adcc15cb1c1,baseball_mlb
MLB,spreads,Toronto Blue Jays,185.0,+185,0.6234,0.5706,0.5178,5.28,10.56,0.5,62.62,0.0010488364470665353,10.488364470665353,MEDIUM,ARBITRAGE(29.15%),0,0.0,0,0.0,unknown,1,29.154,7,coolbet,gtbets,175.0,2.5,betmgm,-3.0,1.0,76173d6fb6052a6141d640d803185876,baseball_mlb
NBA,totals,Under,-108.0,-108,0.5994,0.5469,0.4943,5.25,10.51,0.5,5.32,0.0003775811209439527,3.775811209439527,MEDIUM,CLV_MODEL,0,-0.007104290991759021,0,-0.0034595536242282843,unknown,0,0.0,0,,,,,fanduel,222.5,0.0,9f41c322eb6aa09683dc241cacc31d7c,basketball_nba
MLB,spreads,Seattle Mariners,188.0,+188,0.6644,0.6122,0.5599,5.22,10.44,0.5,76.3,0.0010488364470665353,10.488364470665353,MEDIUM,ARBITRAGE(30.19%),0,0.13521573012766752,0,0.1170930111679846,unknown,1,30.19,12,fanduel,fanatics,185.0,-1.5,fanduel,1.0,1.0,b8cea4e418d432cea65f9d995118a4bf,baseball_mlb
NHL,spreads,Edmonton Oilers,175.0,+175,0.4481,0.396,0.344,5.21,10.42,0.5,8.91,0.00033300557194362493,3.3300557194362495,MEDIUM,CLV_MODEL,0,0.0,0,0.0,synthetic,0,0.0,0,,,,,bovada,-1.5,0.0,87206a7bb3286137bec3f9aef8d52f4d,icehockey_nhl
MLB,spreads,Texas Rangers,158.0,+158,0.4848,0.4328,0.3809,5.2,10.39,0.5,11.67,0.0004850868567682725,4.850868567682725,MEDIUM,CLV_MODEL,0,-0.02431275933609961,0,-0.02187437261887981,unknown,0,0.0,0,,,,,williamhill_us,-1.5,1.0,34a8cd87a97eb098ddeb7d6d4022544d,baseball_mlb
MLB,spreads,Tampa Bay Rays,180.0,+180,0.6039,0.552,0.5,5.2,10.39,0.5,54.55,0.0010488364470665353,10.488364470665353,MEDIUM,ARBITRAGE(28.57%),0,0.0,0,0.0,unknown,1,28.571,4,fanduel,fanatics,180.0,-1.5,fanduel,,0.0,de142860d352b18879f2382e67ab3e2e,baseball_mlb
MLB,h2h,Milwaukee Brewers,205.0,+205,0.4268,0.3753,0.3238,5.15,10.29,0.5,14.47,0.00046148803670927556,4.614880367092756,MEDIUM,CLV_MODEL,0,0.0,0,0.0,unknown,0,0.0,0,,,,,williamhill_us,,0.0,eb87da969b550c21334d689f9113d312,baseball_mlb
NBA,totals,Over,-110.0,-110,0.6002,0.5489,0.4977,5.12,10.25,0.5,4.8,0.00034611602753195663,3.4611602753195663,MEDIUM,CLV_MODEL,0,-0.0070356472795497504,0,-0.0022899015342340845,unknown,0,0.0,0,,,,,betmgm,217.0,0.0,0cab123e90bdf5d1d144a7e26ebc339c,basketball_nba
MLB,totals,Over,-120.0,-120,0.6238,0.5727,0.5216,5.11,10.22,0.5,4.99,0.0003933136676499507,3.933136676499507,MEDIUM,CLV_MODEL,0,0.0,0,0.0,unknown,0,0.0,0,,,,,betmgm,8.5,0.0,6015a24988595d49a325507fa8543243,baseball_mlb
NBA,totals,Under,-105.0,-105,0.595,0.5452,0.4954,4.98,9.96,0.5,6.45,0.0004431333988856111,4.431333988856111,MEDIUM,CLV_MODEL,0,-0.004759185227489082,0,-0.00012807264214992342,unknown,0,0.0,0,,,,,draftkings,217.0,0.0,8d6b8b25d9790bf08a65761a3d63b611,basketball_nba
NBA,totals,Over,-105.0,-105,0.597,0.5473,0.4977,4.96,9.93,0.5,6.86,0.0004719764011799408,4.719764011799408,MEDIUM,CLV_MODEL,0,-0.0047130906091669145,0,-6.401897179814098e-05,unknown,0,0.0,0,,,,,betmgm,206.5,0.0,c361a0b8c035a055bd9497b52674e3fb,basketball_nba
NHL,h2h,Utah Mammoth,115.0,+115,0.5593,0.5101,0.4608,4.92,9.85,0.5,9.66,0.000550639134709931,5.506391347099311,MEDIUM,ARBITRAGE(21.86%),0,0.0,0,0.0,unknown,1,21.86,29,onexbet,leovegas_se,135.0,,williamhill_us,,1.0,8ac64c0fb7471af7aaeb79ec29b21108,icehockey_nhl
MLB,totals,Under,-115.0,-115,0.6155,0.5663,0.5171,4.92,9.84,0.5,5.87,0.0004431333988856111,4.431333988856111,MEDIUM,CLV_MODEL,0,0.0,0,0.0,unknown,0,0.0,0,,,,,fanduel,7.5,0.0,be00405883c8d7ad0c220c8af4c08a53,baseball_mlb
NBA,totals,Under,-105.0,-105,0.5977,0.5488,0.5,4.88,9.77,0.5,7.15,0.0004929531301212716,4.929531301212716,MEDIUM,CLV_MODEL,0,-0.004667662434652775,0,0.0,unknown,0,0.0,0,,,,,draftkings,229.0,0.0,7d18651bc9124e2b06c6ffbc3af06ee6,basketball_nba
NBA,totals,Under,-108.0,-108,0.6007,0.5526,0.5045,4.81,9.62,0.5,6.43,0.00045624385447394283,4.562438544739428,MEDIUM,CLV_MODEL,0,-0.00898533144641378,0,-0.006625624428149179,unknown,0,0.0,0,,,,,draftkings,225.0,0.0,b70520c84d1db67fb83d5d3666ef1d46,basketball_nba
MLB,spreads,Pittsburgh Pirates,146.0,+146,0.5961,0.5481,0.5,4.81,9.61,0.5,34.83,0.0010488364470665353,10.488364470665353,MEDIUM,CLV_MODEL,0,0.0,0,0.0,unknown,0,0.0,0,,,,,fanduel,,1.0,e837e7b2a838ec74034cfbc99b119fb2,baseball_mlb
MLB,spreads,Chicago Cubs,146.0,+146,0.5961,0.5481,0.5,4.81,9.61,0.5,34.83,0.0010488364470665353,10.488364470665353,MEDIUM,CLV_MODEL,0,0.0,0,0.0,unknown,0,0.0,0,,,,,fanduel,,0.0,dbde00d498a1f217c0ee8968123b069f,baseball_mlb
NBA,h2h,New Orleans Pelicans,210.0,+210,0.4091,0.3614,0.3137,4.77,9.55,0.5,12.03,0.00037495902982628636,3.7495902982628637,MEDIUM,CLV_MODEL,0,0.008115236356258881,0,0.0096318805914542,unknown,0,0.0,0,,,,,williamhill_us,,0.0,52a9bdfa0493e80275ae71f49de1146f,basketball_nba
MLB,totals,Over,120.0,+120,0.5972,0.5497,0.5022,4.75,9.49,0.5,20.93,0.0010488364470665353,10.488364470665353,MEDIUM,ARBITRAGE(2.85%),0,0.0,0,0.0,unknown,1,2.855,2,betmgm,pinnacle,-107.0,5.5,betmgm,5.5,0.0,17a28912aee00dc855f859e2835228d9,baseball_mlb
NBA,totals,Over,-108.0,-108,0.5948,0.5486,0.5023,4.63,9.25,0.5,5.65,0.0003985578498852834,3.985578498852834,MEDIUM,CLV_MODEL,0,-0.002322556670382836,0,0.002289901534233918,unknown,0,0.0,0,,,,,fanduel,216.5,0.0,f61ea629819d5176316c94a379c02ad2,basketball_nba
MLB,spreads,Philadelphia Phillies,163.0,+163,0.5923,0.5461,0.5,4.61,9.23,0.5,43.63,0.0010488364470665353,10.488364470665353,MEDIUM,CLV_MODEL,0,0.0,0,0.0,unknown,0,0.0,0,,,,,draftkings,,1.0,0b82fc67da784ef2d4225438c8e33b6a,baseball_mlb
NHL,h2h,Anaheim Ducks,115.0,+115,0.5593,0.5133,0.4673,4.6,9.2,0.5,10.36,0.000589970501474926,5.8997050147492605,MEDIUM,ARBITRAGE(19.87%),0,0.0,0,0.0,unknown,1,19.867,28,leovegas_se,onexbet,122.0,,betmgm,,1.0,87206a7bb3286137bec3f9aef8d52f4d,icehockey_nhl
MLB,totals,Under,-105.0,-105,0.5899,0.545,0.5,4.5,8.99,0.5,6.4,0.0004405113077679448,4.405113077679448,MEDIUM,CLV_MODEL,0,0.0,0,0.0,unknown,0,0.0,0,,,,,fanduel,,0.0,4bd84afb941f32d8212a16abd49c992b,baseball_mlb
MLB,spreads,Atlanta Braves,-106.0,-106,0.5901,0.545,0.5,4.5,9.01,0.5,5.92,0.00041166830547361506,4.116683054736151,MEDIUM,CLV_MODEL,0,0.0,0,0.0,unknown,0,0.0,0,,,,,draftkings,,1.0,8a412fa061b10c75d57bc591bf081271,baseball_mlb
MLB,spreads,Atlanta Braves,106.0,+106,0.5656,0.5208,0.476,4.48,8.97,0.5,7.29,0.00045099967223861015,4.509996722386101,MEDIUM,CLV_MODEL,0,0.031183873482570457,0,0.03312750351450772,unknown,0,0.0,0,,,,,fanduel,-1.5,0.0,1716e08eb19cda68f1493c3d9b10107e,baseball_mlb
MLB,spreads,Minnesota Twins,159.0,+159,0.4668,0.4224,0.378,4.44,8.87,0.5,9.4,0.00038806948541461806,3.8806948541461805,MEDIUM,ARBITRAGE(0.57%),0,0.0,0,0.0,unknown,1,0.574,4,matchbook,onexbet,-162.0,1.5,draftkings,-1.5,0.0,1e66733b3f851159b9299af54335356a,baseball_mlb
NHL,spreads,Edmonton Oilers,170.0,+170,0.4481,0.4038,0.3595,4.43,8.86,0.5,9.03,0.00034873811864962297,3.4873811864962296,MEDIUM,CLV_MODEL,0,0.01701347991100638,0,0.018719459585266496,synthetic,0,0.0,0,,,,,draftkings,-1.5,0.0,e2d2c01a1afa073fc70698a37554c36e,icehockey_nhl
MLB,spreads,Los Angeles Dodgers,125.0,+125,0.5531,0.5091,0.4651,4.4,8.8,0.5,14.55,0.0007630285152409044,7.630285152409044,MEDIUM,ARBITRAGE(1.43%),0,0.0,0,0.0,unknown,1,1.427,3,sport888,mybookieag,-118.0,3.5,bovada,-3.5,0.0,7350a8d7c4145d7f644e02a87a4bb365,baseball_mlb
MLB,h2h,Tampa Bay Rays,118.0,+118,0.5365,0.4931,0.4497,4.34,8.68,0.5,7.49,0.0004169124877089478,4.1691248770894775,MEDIUM,CLV_MODEL,0,0.0,0,0.0,unknown,0,0.0,0,,,,,fanduel,,0.0,1a4159875887b1b0c4fe65b367df29a7,baseball_mlb
MLB,totals,Under,104.0,+104,0.6153,0.5728,0.5303,4.25,8.5,0.5,16.86,0.0010488364470665353,10.488364470665353,MEDIUM,CLV_MODEL,0,0.0,0,0.0,unknown,0,0.0,0,,,,,draftkings,7.5,0.0,bb7e51c3ed5e76ca658d46e6b586c0fa,baseball_mlb
NBA,totals,Under,-108.0,-108,0.6074,0.5651,0.5228,4.23,8.46,0.5,8.84,0.0006266797771222549,6.266797771222548,MEDIUM,SHARP_MONEY,1,0.017806267806267817,0,0.02279957582184522,unknown,0,0.0,0,,,,,draftkings,206.0,0.0,399d2e69e4408801d09e614c88779989,basketball_nba
MLB,spreads,Baltimore Orioles,150.0,+150,0.4723,0.4302,0.3881,4.21,8.42,0.5,7.54,0.0003303834808259586,3.303834808259586,MEDIUM,CLV_MODEL,0,0.0,0,0.0,unknown,0,0.0,0,,,,,bovada,-1.5,1.0,3c9ebf868da49e615e589bd0d839b640,baseball_mlb
MLB,spreads,Washington Nationals,-135.0,-135,0.6422,0.6004,0.5586,4.18,8.36,0.5,4.52,0.0003985578498852834,3.985578498852834,MEDIUM,CLV_MODEL,0,0.0,0,0.0,unknown,0,0.0,1,,,,,williamhill_us,1.5,1.0,ce701a760fa0f743a20a0f8c455c6f67,baseball_mlb
NBA,totals,Under,-108.0,-108,0.5987,0.5574,0.5161,4.13,8.26,0.5,7.35,0.000519174041297935,5.19174041297935,MEDIUM,CLV_MODEL,0,0.02556593687537767,0,0.02942821249478339,unknown,0,0.0,0,,,,,fanduel,236.5,0.0,7bab999d0c94806e44c5de1d60333079,basketball_nba
NHL,h2h,Buffalo Sabres,107.0,+107,0.5593,0.5189,0.4785,4.04,8.08,0.5,7.41,0.0004536217633562765,4.536217633562765,MEDIUM,ARBITRAGE(21.36%),0,-0.0215311004784689,0,0.0,unknown,1,21.364,29,marathonbet,coolbet,142.0,,bovada,,0.0,22d202aee787bcd6f4488f76fa15c3fd,icehockey_nhl
NBA,h2h,Los Angeles Lakers,198.0,+198,0.425,0.367,0.3089,5.8,11.61,0.5,9.36,0.0003094067518846279,3.0940675188462787,LOW,ARBITRAGE(0.58%),0,0.10378510378510378,0,0.10306513980464885,unknown,1,0.575,1,onexbet,williamhill_us,-220.0,,fanduel,,0.0,5000a9f1dd7ba71de7ae6ceef836aa48,basketball_nba
MLB,totals,Over,-115.0,-115,0.5937,0.5469,0.5,4.69,9.37,0.5,2.24,0.00016781383153064564,1.6781383153064564,LOW,CLV_MODEL,0,0.0,0,0.0,unknown,0,0.0,0,,,,,fanduel,,0.0,de142860d352b18879f2382e67ab3e2e,baseball_mlb
NBA,totals,Over,-110.0,-110,0.5846,0.5389,0.4931,4.57,9.15,0.5,2.87,0.00020714519829564073,2.071451982956407,LOW,SHARP_MONEY,1,-0.014141937916892444,0,-0.01138791450655241,unknown,0,0.0,0,,,,,betmgm,215.0,0.0,b2b129565e14b8782b318b699b05ab3b,basketball_nba
MLB,spreads,Detroit Tigers,175.0,+175,0.4372,0.3916,0.3459,4.57,9.13,0.5,7.68,0.00028843002294329717,2.884300229432972,LOW,ARBITRAGE(27.52%),0,0.0,0,0.0,unknown,1,27.521,11,pinnacle,matchbook,172.0,-1.5,bovada,-1.5,1.0,eb5e5ee05cf9e2c9e3df8f51d9835b52,baseball_mlb
NBA,totals,Over,-108.0,-108,0.5867,0.5411,0.4955,4.56,9.12,0.5,4.21,0.0002989183874139626,2.9891838741396257,LOW,CLV_MODEL,0,0.004805959389643122,0,0.004520588637074052,unknown,0,0.0,0,,,,,draftkings,211.5,0.0,912bee9cc9d36b6017819f012c0c56f1,basketball_nba
NBA,totals,Over,-108.0,-108,0.5844,0.5387,0.4931,4.56,9.12,0.5,3.76,0.00026483120288430017,2.6483120288430015,LOW,SHARP_MONEY,1,-0.011841606669192872,0,-0.0068722224767489015,unknown,0,0.0,0,,,,,fanduel,215.5,0.0,184d31a9a32dffc9c91eac3766d6f12d,basketball_nba
NBA,totals,Over,-115.0,-115,0.591,0.5455,0.5,4.55,9.1,0.5,1.99,0.0001494591937069813,1.4945919370698129,LOW,CLV_MODEL,0,0.013738779996336326,0,0.0044523597506679335,unknown,0,0.0,0,,,,,bovada,188.5,0.0,d94d967f8600a3fb8b869f32c31a7357,basketball_nba
MLB,spreads,New York Yankees,120.0,+120,0.5246,0.4802,0.4358,4.44,8.89,0.5,5.64,0.0003094067518846279,3.0940675188462787,LOW,CLV_MODEL,0,0.0,0,0.0,unknown,0,0.0,0,,,,,bovada,-1.5,0.0,ce566623c1d73c8d56830bafe9334cbb,baseball_mlb
NBA,totals,Under,-110.0,-110,0.5879,0.544,0.5,4.4,8.79,0.5,3.85,0.00027794165847263186,2.779416584726319,LOW,CLV_MODEL,0,0.0,0,0.0,unknown,0,0.0,0,,,,,draftkings,225.5,0.0,b981ac0f551b6f109cd18fa31de439b4,basketball_nba
MLB,h2h,San Francisco Giants,119.0,+119,0.5242,0.4809,0.4376,4.33,8.66,0.5,5.32,0.00029367420517862984,2.9367420517862985,LOW,CLV_MODEL,0,-0.0040581945092628136,0,-0.004563440227011495,unknown,0,0.0,0,,,,,draftkings,,0.0,5c57e8c626d8c6627101848a75f83307,baseball_mlb
MLB,spreads,Chicago White Sox,114.0,+114,0.5254,0.4822,0.4389,4.33,8.65,0.5,3.19,0.00018354637823664367,1.8354637823664368,LOW,ARBITRAGE(5.98%),0,0.0,0,0.0,unknown,1,5.983,3,lowvig,coolbet,-125.0,1.5,fanduel,-1.0,1.0,1a7da3935dee427bcfb5038b6aca6b69,baseball_mlb
NBA,totals,Under,-110.0,-110,0.5805,0.538,0.4954,4.25,8.51,0.5,2.7,0.00019403474270730903,1.9403474270730903,LOW,CLV_MODEL,0,0.009803921568627416,0,0.012273500191451847,unknown,0,0.0,0,,,,,draftkings,227.5,0.0,4ae1016a615b3bc0fcef523ab3c8933b,basketball_nba
MLB,totals,Over,100.0,+100,0.5524,0.5101,0.4677,4.23,8.47,0.5,2.02,0.0001311045558833169,1.311045558833169,LOW,CLV_MODEL,0,0.0,0,0.0,unknown,0,0.0,0,,,,,bovada,20.0,0.0,be47d30294aeb48696725d5dbe33216a,baseball_mlb
NBA,totals,Over,-110.0,-110,0.5843,0.5422,0.5,4.22,8.43,0.5,3.5,0.0002517207472959684,2.5172074729596843,LOW,CLV_MODEL,0,-0.004667662434652775,0,0.0,unknown,0,0.0,0,,,,,draftkings,225.5,0.0,c05251e56d0bd871f5523e30058c7735,basketball_nba
NHL,spreads,Colorado Avalanche,163.0,+163,0.4481,0.4064,0.3646,4.18,8.35,0.5,6.87,0.0002753195673549655,2.7531956735496554,LOW,ARBITRAGE(40.67%),0,0.0,0,0.0,synthetic,1,40.667,19,pinnacle,matchbook,360.0,-1.5,bovada,-1.5,0.0,524a4ecbfee90fb1259c3e30014629ab,icehockey_nhl
MLB,spreads,New York Mets,110.0,+110,0.5419,0.501,0.4601,4.09,8.18,0.5,5.21,0.0003094067518846279,3.0940675188462787,LOW,CLV_MODEL,0,0.0,0,0.0,unknown,0,0.0,0,,,,,bovada,-1.5,1.0,0ba37739cdf2986dfc1463c1da6a09f1,baseball_mlb
NHL,spreads,Vegas Golden Knights,158.0,+158,0.4481,0.4075,0.3668,4.07,8.13,0.5,5.13,0.00021238938053097338,2.123893805309734,LOW,CLV_MODEL,0,-0.0014512524308478714,0,-0.0017295718007185878,synthetic,0,0.0,0,,,,,bovada,-1.5,1.0,4868659ab89eec9f59b336ce39d0d61e,icehockey_nhl
MLB,h2h,Philadelphia Phillies,158.0,+158,0.4559,0.4156,0.3753,4.03,8.06,0.5,7.23,0.0002989183874139626,2.9891838741396257,LOW,CLV_MODEL,0,-0.01846466325070395,0,-0.015693355968359024,unknown,0,0.0,0,,,,,williamhill_us,,0.0,28a3f2a1820315be48605c5c321f0c19,baseball_mlb
NHL,h2h,Dallas Stars,122.0,+122,0.5323,0.4924,0.4525,3.99,7.98,0.5,9.31,0.0005008194034742706,5.008194034742706,LOW,ARBITRAGE(21.07%),0,-0.014801031843362789,0,0.0,unknown,1,21.073,30,onexbet,unibet_se,125.0,,williamhill_us,,0.0,6031286e148baa9052fdb432c6534b8e,icehockey_nhl
NBA,totals,Over,-108.0,-108,0.5752,0.5353,0.4955,3.98,7.97,0.5,3.1,0.0002202556538839724,2.202556538839724,LOW,SHARP_MONEY,1,-0.011614401858304313,0,-0.011290759780481108,unknown,0,0.0,0,,,,,fanduel,206.0,0.0,a37e80a2e3cf3aaa3ae84a9124987058,basketball_nba
MLB,spreads,Texas Rangers,-120.0,-120,0.6129,0.5733,0.5336,3.96,7.93,0.5,5.1,0.0004011799410029497,4.011799410029497,LOW,CLV_MODEL,0,0.0,0,0.0,unknown,0,0.0,0,,,,,betmgm,1.5,1.0,371ff765cd40348073b510b2f45d81e9,baseball_mlb
MLB,spreads,Minnesota Twins,-115.0,-115,0.6353,0.5958,0.5564,3.95,7.89,0.5,11.4,0.000860045886594559,8.60045886594559,LOW,CLV_MODEL,0,-0.08771929824561397,0,-0.09382773480393192,unknown,0,0.0,0,,,,,betmgm,1.5,0.0,988cc0182b2c8cc4ce2bd71787602b09,baseball_mlb
MLB,spreads,Houston Astros,-140.0,-140,0.6382,0.5989,0.5597,3.92,7.84,0.5,2.68,0.0002464765650606358,2.464765650606358,LOW,CLV_MODEL,0,0.0,0,0.0,unknown,0,0.0,0,,,,,bovada,1.5,1.0,b5cfe25f8464fa7df106032a0f8176cb,baseball_mlb
NBA,totals,Over,-105.0,-105,0.5842,0.5454,0.5067,3.87,7.75,0.5,6.49,0.0004457554900032775,4.457554900032775,LOW,CLV_MODEL,0,0.013871228759680942,0,0.013360053440213793,unknown,0,0.0,0,,,,,betmgm,226.5,0.0,333a6fd05a4f8492b95e9d9426450430,basketball_nba
MLB,h2h,Colorado Rockies,165.0,+165,0.4532,0.4149,0.3767,3.83,7.65,0.5,9.95,0.0003959357587676171,3.9593575876761706,LOW,CLV_MODEL,0,-0.0030046722653726543,0,-0.0023039107926458025,unknown,0,0.0,0,,,,,betmgm,,1.0,6f2e9ec22774fd2d53ca6ed64f1ec7e5,baseball_mlb
MLB,spreads,Tampa Bay Rays,155.0,+155,0.4569,0.4186,0.3804,3.83,7.65,0.5,6.75,0.0002858079318256309,2.858079318256309,LOW,CLV_MODEL,0,-0.0015318627450980338,0,4.79493760931482e-05,unknown,0,0.0,0,,,,,bovada,-1.5,1.0,07187e7c60013c66b4831e61391ded49,baseball_mlb
MLB,totals,Over,-110.0,-110,0.5855,0.5474,0.5092,3.82,7.64,0.5,4.5,0.0003251392985906259,3.2513929859062594,LOW,CLV_MODEL,0,0.023809523809523836,0,0.02500300691382812,unknown,0,0.0,0,,,,,betmgm,12.0,0.0,863d10a0d1fd4ccb9810966d4740d766,baseball_mlb
NBA,totals,Under,-108.0,-108,0.5911,0.5534,0.5156,3.78,7.55,0.5,6.57,0.0004667322189446082,4.6673221894460815,LOW,SHARP_MONEY,1,0.01797550836984607,0,0.017840426394691078,unknown,0,0.0,0,,,,,draftkings,219.5,0.0,d1938a9c13602a661e894f996f2680e8,basketball_nba
MLB,spreads,Atlanta Braves,168.0,+168,0.4392,0.4015,0.3637,3.77,7.55,0.5,7.59,0.0002962962962962962,2.962962962962962,LOW,ARBITRAGE(24.20%),0,0.0,0,0.0,unknown,1,24.203,18,matchbook,draftkings,158.0,-1.5,fanduel,-1.5,1.0,6015a24988595d49a325507fa8543243,baseball_mlb
MLB,totals,Over,100.0,+100,0.5574,0.5201,0.4829,3.72,7.44,0.5,4.03,0.00026483120288430017,2.6483120288430015,LOW,CLV_MODEL,0,-0.02171833141982399,0,-0.019340177725398533,unknown,0,0.0,0,,,,,fanduel,8.0,0.0,2a8e5f1a3a4ac585a773ec30d535e4e0,baseball_mlb
NBA,totals,Over,-105.0,-105,0.564,0.5269,0.4898,3.71,7.43,0.5,2.87,0.00019665683382497534,1.9665683382497534,LOW,CLV_MODEL,0,-0.011957717510881483,0,-0.0102403058438012,unknown,0,0.0,0,,,,,williamhill_us,218.0,0.0,0fee871b4f5cc68f4c933d5eb56d25c8,basketball_nba
MLB,h2h,Arizona Diamondbacks,114.0,+114,0.5277,0.4907,0.4537,3.7,7.41,0.5,5.01,0.00028843002294329717,2.884300229432972,LOW,ARBITRAGE(0.61%),0,-0.03208654198753208,0,-0.03221666003916168,unknown,1,0.606,2,matchbook,onexbet,-121.0,,bovada,,0.0,72f79061defb394c2e533967c55edb30,baseball_mlb
NHL,h2h,Carolina Hurricanes,105.0,+105,0.5593,0.5224,0.4854,3.69,7.39,0.5,7.09,0.0004431333988856111,4.431333988856111,LOW,ARBITRAGE(21.62%),0,0.00466766243465272,0,0.0,unknown,1,21.62,30,leovegas_se,leovegas_se,138.0,,betmgm,,0.0,51287ae15947cf3f02665904d8b8be9d,icehockey_nhl
MLB,totals,Under,-115.0,-115,0.5904,0.5537,0.5169,3.68,7.36,0.5,3.51,0.00026483120288430017,2.6483120288430015,LOW,CLV_MODEL,0,0.022688598979012986,0,0.0213696246140731,unknown,0,0.0,0,,,,,fanduel,9.5,0.0,71bed1a7ce55f688df69c714d2376fe7,baseball_mlb
NBA,h2h,Toronto Raptors,290.0,+290,0.3771,0.3407,0.3042,3.65,7.29,0.5,32.86,0.0007420517862995737,7.420517862995737,LOW,ARBITRAGE(10.91%),0,-0.1039885065334884,0,-0.10819884571461758,unknown,1,10.913,22,matchbook,williamhill,-188.0,,draftkings,,1.0,d94d967f8600a3fb8b869f32c31a7357,basketball_nba
MLB,h2h,St. Louis Cardinals,155.0,+155,0.4654,0.4292,0.3931,3.62,7.23,0.5,9.45,0.0003985578498852834,3.985578498852834,LOW,CLV_MODEL,0,-0.0016324931435288126,0,-0.0015132109925818371,unknown,0,0.0,0,,,,,betmgm,,1.0,4331dd522336be02de34b61018be0cc9,baseball_mlb
MLB,h2h,Texas Rangers,142.0,+142,0.4803,0.4441,0.4079,3.62,7.24,0.5,7.48,0.00034611602753195663,3.4611602753195663,LOW,CLV_MODEL,0,0.0,0,0.0,unknown,0,0.0,0,,,,,fanduel,,1.0,371ff765cd40348073b510b2f45d81e9,baseball_mlb
NBA,h2h,Portland Trail Blazers,195.0,+195,0.4079,0.3719,0.336,3.6,7.19,0.5,9.72,0.0003277613897082923,3.277613897082923,LOW,ARBITRAGE(0.91%),0,-0.0011931750387781381,0,0.0008568938816813643,unknown,1,0.913,5,betfair_ex_eu,onexbet,-192.0,,betmgm,,1.0,0cab123e90bdf5d1d144a7e26ebc339c,basketball_nba
NHL,h2h,Pittsburgh Penguins,105.0,+105,0.5593,0.5236,0.4878,3.57,7.15,0.5,7.33,0.00045624385447394283,4.562438544739428,LOW,ARBITRAGE(20.95%),0,-0.007244626901714568,0,0.0,unknown,1,20.946,29,leovegas_se,onexbet,138.0,,draftkings,,0.0,63dc13d149982e8f2c908b42b236c912,icehockey_nhl
MLB,totals,Under,-110.0,-110,0.5758,0.5402,0.5045,3.56,7.13,0.5,3.12,0.00022549983611930508,2.2549983611930506,LOW,CLV_MODEL,0,0.0,0,0.0,unknown,0,0.0,0,,,,,bovada,11.0,0.0,6f2e9ec22774fd2d53ca6ed64f1ec7e5,baseball_mlb
NHL,spreads,Tampa Bay Lightning,158.0,+158,0.4481,0.4126,0.377,3.55,7.11,0.5,6.45,0.0002674532940019665,2.674532940019665,LOW,CLV_MODEL,0,0.0,0,0.0,synthetic,0,0.0,0,,,,,bovada,-1.5,1.0,380c27de2b84a263be1c51bd96c29a4c,icehockey_nhl
MLB,totals,Over,-105.0,-105,0.5592,0.5245,0.4898,3.47,6.94,0.5,2.4,0.0001651917404129793,1.651917404129793,LOW,CLV_MODEL,0,0.0,0,0.0,unknown,0,0.0,0,,,,,bovada,7.5,0.0,54e35854b4573f13cd3a3491cd75cfa1,baseball_mlb
NBA,totals,Over,-108.0,-108,0.5691,0.5346,0.5,3.46,6.91,0.5,2.95,0.00020976728941330707,2.0976728941330705,LOW,CLV_MODEL,0,0.0,0,0.0,unknown,0,0.0,0,,,,,draftkings,227.5,0.0,54540a1bafcd2e0cff9b5cd8a09e0bfa,basketball_nba
MLB,totals,Over,-108.0,-108,0.5667,0.5322,0.4977,3.45,6.9,0.5,2.5,0.000178302196001311,1.7830219600131099,LOW,CLV_MODEL,0,0.0,0,0.0,unknown,0,0.0,0,,,,,draftkings,8.5,0.0,d221d6de333533ced3489663067a588d,baseball_mlb
NHL,spreads,Colorado Avalanche,154.0,+154,0.4481,0.4142,0.3803,3.39,6.78,0.5,5.21,0.00022287774500163876,2.2287774500163877,LOW,ARBITRAGE(39.51%),0,0.0,0,0.0,synthetic,1,39.508,19,lowvig,matchbook,370.0,-1.5,draftkings,-1.5,0.0,a8961751f4e2ecfa35e82df7de5f2269,icehockey_nhl
MLB,h2h,Cincinnati Reds,116.0,+116,0.5144,0.4808,0.4472,3.36,6.72,0.5,3.84,0.00021763356276630606,2.1763356276630605,LOW,CLV_MODEL,0,0.0,0,0.0,unknown,0,0.0,0,,,,,fanduel,,0.0,f9bc114c35828121793d26f1d0d40338,baseball_mlb
NBA,totals,Over,-105.0,-105,0.5761,0.5426,0.5092,3.34,6.69,0.5,5.94,0.0004090462143559487,4.0904621435594875,LOW,CLV_MODEL,0,0.0045787545787545625,0,0.00916590284142993,unknown,0,0.0,0,,,,,draftkings,230.0,0.0,97f990a7956a23f16f9298270f5b556e,basketball_nba
MLB,h2h,Chicago White Sox,126.0,+126,0.4908,0.4575,0.4242,3.33,6.66,0.5,3.4,0.00017568010488364466,1.7568010488364465,LOW,CLV_MODEL,0,0.0,0,0.0,unknown,0,0.0,0,,,,,bovada,,0.0,4c46549aafa11d0400c4c8c87e755dda,baseball_mlb
MLB,h2h,Pittsburgh Pirates,136.0,+136,0.4775,0.4447,0.4119,3.28,6.57,0.5,4.95,0.00023861029170763677,2.386102917076368,LOW,CLV_MODEL,0,0.0,0,0.0,unknown,0,0.0,0,,,,,fanduel,,0.0,528817a2bf72047f1124e81a7ae55de9,baseball_mlb
NHL,spreads,Buffalo Sabres,152.0,+152,0.4481,0.4159,0.3836,3.22,6.45,0.5,4.8,0.00020714519829564073,2.071451982956407,LOW,CLV_MODEL,0,0.0,0,0.0,synthetic,0,0.0,0,,,,,fanduel,-1.5,1.0,dd8f3e272072c61a152ca09488cca7c8,icehockey_nhl
NHL,h2h,Boston Bruins,100.0,+100,0.5593,0.5272,0.495,3.21,6.43,0.5,5.44,0.000356604392002622,3.5660439200262197,LOW,ARBITRAGE(20.94%),0,0.007244626901714568,0,0.0,unknown,1,20.942,29,onexbet,onexbet,142.0,,bovada,,1.0,e8e7f71bd27bb8061fbbd5af896ae23c,icehockey_nhl
MLB,spreads,Cleveland Guardians,158.0,+158,0.4399,0.408,0.3762,3.19,6.37,0.5,5.28,0.00021763356276630606,2.1763356276630605,LOW,CLV_MODEL,0,0.0,0,0.0,unknown,0,0.0,0,,,,,williamhill_us,-1.5,1.0,1a4159875887b1b0c4fe65b367df29a7,baseball_mlb
MLB,h2h,Houston Astros,106.0,+106,0.528,0.4966,0.4652,3.14,6.29,0.5,2.3,0.00014159292035398227,1.4159292035398228,LOW,CLV_MODEL,0,-0.01642036124794749,0,-0.016310392685368102,unknown,0,0.0,0,,,,,bovada,,0.0,71bed1a7ce55f688df69c714d2376fe7,baseball_mlb
MLB,spreads,Toronto Blue Jays,110.0,+110,0.5475,0.5162,0.4848,3.13,6.27,0.5,8.39,0.0005008194034742706,5.008194034742706,LOW,CLV_MODEL,0,0.0,0,0.0,unknown,0,0.0,0,,,,,fanduel,-2.5,1.0,f98073ff54e69128fe75a3c5776fb520,baseball_mlb
MLB,spreads,Texas Rangers,100.0,+100,0.5422,0.5111,0.4801,3.11,6.21,0.5,2.23,0.00014683710258931492,1.4683710258931493,LOW,CLV_MODEL,0,0.0,0,0.0,unknown,0,0.0,0,,,,,williamhill_us,2.0,1.0,d8f901c0fc526d986a568d86c64039d5,baseball_mlb
MLB,spreads,Houston Astros,-154.0,-154,0.6527,0.6217,0.5907,3.1,6.21,0.5,2.54,0.00025696492953130115,2.5696492953130115,LOW,CLV_MODEL,0,-0.032689957076665,0,-0.029022443529437503,unknown,0,0.0,0,,,,,fanduel,1.5,0.0,e33bac43c9aeb7a52713962ae0686e1f,baseball_mlb
MLB,spreads,Milwaukee Brewers,-115.0,-115,0.5861,0.555,0.524,3.1,6.2,0.5,3.77,0.00028318584070796454,2.8318584070796455,LOW,CLV_MODEL,0,0.0,0,0.0,unknown,0,0.0,0,,,,,williamhill_us,1.5,0.0,eb87da969b550c21334d689f9113d312,baseball_mlb
NHL,h2h,Utah Mammoth,100.0,+100,0.5593,0.5284,0.4975,3.09,6.18,0.5,5.68,0.00037233693870862,3.7233693870862004,LOW,ARBITRAGE(21.54%),0,0.00246293286045024,0,0.0,unknown,1,21.538,29,onexbet,unibet_se,150.0,,williamhill_us,,1.0,863fdb33769ad2bb155134384e205a7a,icehockey_nhl
NBA,h2h,Philadelphia 76ers,250.0,+250,0.3619,0.3311,0.3003,3.08,6.17,0.5,15.88,0.0004169124877089478,4.1691248770894775,LOW,CLV_MODEL,0,0.012939958592132483,0,0.012551044413887436,unknown,0,0.0,6,,,,,draftkings,,0.0,a37e80a2e3cf3aaa3ae84a9124987058,basketball_nba
NHL,spreads,Edmonton Oilers,152.0,+152,0.4481,0.4173,0.3865,3.08,6.16,0.5,5.16,0.00022287774500163876,2.2287774500163877,LOW,CLV_MODEL,0,0.0,0,0.0,synthetic,0,0.0,0,,,,,williamhill_us,-1.5,1.0,31e4aee667b88ad646e816ee99e31915,icehockey_nhl
MLB,spreads,Boston Red Sox,115.0,+115,0.5653,0.5348,0.5042,3.05,6.11,0.5,14.97,0.00085217961324156,8.5217961324156,LOW,ARBITRAGE(21.26%),0,0.0,0,0.0,unknown,1,21.263,2,matchbook,williamhill_us,175.0,-1.5,bovada,1.0,0.0,7ec692536ced485b4f6b8d0e30b4fef8,baseball_mlb
MLB,spreads,New York Yankees,145.0,+145,0.4521,0.4218,0.3916,3.03,6.05,0.5,3.35,0.0001520812848246476,1.520812848246476,LOW,CLV_MODEL,0,0.0,0,0.0,unknown,0,0.0,0,,,,,bovada,-1.5,0.0,bb7e51c3ed5e76ca658d46e6b586c0fa,baseball_mlb
MLB,spreads,Toronto Blue Jays,210.0,+210,0.452,0.4216,0.3913,3.03,6.07,0.5,30.7,0.0009596853490658798,9.596853490658798,LOW,ARBITRAGE(36.00%),0,0.0,0,0.0,unknown,1,35.996,9,fanatics,williamhill_us,215.0,-1.5,betmgm,-1.0,1.0,eb2a21d7a425f6a975d1eae9da93e4c7,baseball_mlb
MLB,h2h,Boston Red Sox,122.0,+122,0.4965,0.4664,0.4362,3.02,6.03,0.5,3.53,0.00018879056047197635,1.8879056047197635,LOW,CLV_MODEL,0,0.0,0,0.0,unknown,0,0.0,0,,,,,fanduel,,1.0,ce566623c1d73c8d56830bafe9334cbb,baseball_mlb
MLB,spreads,Arizona Diamondbacks,160.0,+160,0.5595,0.5298,0.5,2.98,5.95,0.5,37.74,0.0010488364470665353,10.488364470665353,LOW,ARBITRAGE(23.80%),0,0.0,0,0.0,unknown,1,23.803,1,fanduel,fanatics,165.0,-1.5,draftkings,,0.0,dbb1f14488d5ad0f783dce845101d4c1,baseball_mlb
NHL,h2h,Minnesota Wild,150.0,+150,0.5593,0.5296,0.5,2.96,5.93,0.5,32.41,0.0010488364470665353,10.488364470665353,LOW,CLV_MODEL,0,0.0,0,0.0,unknown,0,0.0,0,,,,,draftkings,,0.0,dd40fd7156c9a60a0ce8365206fc9310,icehockey_nhl
MLB,spreads,Boston Red Sox,170.0,+170,0.4261,0.3966,0.3672,2.94,5.89,0.5,7.09,0.00027269747623729913,2.726974762372991,LOW,ARBITRAGE(24.50%),0,0.015151515151515138,0,0.01463483694765877,unknown,1,24.501,8,williamhill_us,betrivers,160.0,-1.5,betmgm,-1.5,1.0,71bed1a7ce55f688df69c714d2376fe7,baseball_mlb
MLB,h2h,Minnesota Twins,106.0,+106,0.5273,0.4988,0.4702,2.86,5.72,0.5,2.74,0.00017043592264831198,1.7043592264831198,LOW,CLV_MODEL,0,0.0,0,0.0,unknown,0,0.0,0,,,,,fanduel,,1.0,7401e0a3694fdfd518a0b949987e61b4,baseball_mlb
MLB,totals,Under,100.0,+100,0.5724,0.5442,0.5161,2.82,5.64,0.5,8.85,0.0005794821370042608,5.794821370042608,LOW,CLV_MODEL,0,-0.004367289005349884,0,-0.0008018570611287856,unknown,0,0.0,0,,,,,fanduel,8.0,0.0,a51b58a3d9fe032b72e59da66a7243fc,baseball_mlb
NHL,h2h,Minnesota Wild,110.0,+110,0.5323,0.5042,0.4762,2.8,5.61,0.5,5.89,0.0003513602097672893,3.513602097672893,LOW,ARBITRAGE(21.37%),0,0.019569471624266144,0,0.0,unknown,1,21.367,29,unibet_se,onexbet,133.0,,draftkings,,0.0,e8322a50bcedf7972380cade07b6278d,icehockey_nhl
MLB,spreads,Texas Rangers,140.0,+140,0.4613,0.4337,0.4061,2.76,5.52,0.5,4.09,0.0001914126515896427,1.914126515896427,LOW,CLV_MODEL,0,0.0,0,0.0,unknown,0,0.0,0,,,,,betmgm,-1.5,1.0,528817a2bf72047f1124e81a7ae55de9,baseball_mlb
MLB,spreads,Atlanta Braves,111.0,+111,0.5368,0.5092,0.4817,2.76,5.51,0.5,7.45,0.0004405113077679448,4.405113077679448,LOW,CLV_MODEL,0,0.0,0,0.0,unknown,0,0.0,0,,,,,draftkings,-4.0,1.0,c26a6d846d17f3b6d042903c4207d68f,baseball_mlb
MLB,totals,Over,100.0,+100,0.5378,0.5103,0.4829,2.74,5.49,0.5,2.07,0.00013634873811864956,1.3634873811864956,LOW,CLV_MODEL,0,0.0,0,0.0,unknown,0,0.0,0,,,,,bovada,8.0,0.0,371ff765cd40348073b510b2f45d81e9,baseball_mlb
MLB,spreads,New York Mets,142.0,+142,0.4544,0.4271,0.3998,2.73,5.46,0.5,3.35,0.00015470337594231394,1.5470337594231394,LOW,SHARP_MONEY,1,-0.012104862696271701,0,-0.009983288553059078,unknown,0,0.0,0,,,,,fanduel,-1.5,1.0,dad354a5f508e2a69c2cf2b029462737,baseball_mlb
MLB,spreads,Detroit Tigers,105.0,+105,0.5567,0.5294,0.5022,2.73,5.45,0.5,8.53,0.0005322844968862666,5.322844968862666,LOW,CLV_MODEL,0,0.0,0,0.0,unknown,0,0.0,0,,,,,betmgm,3.0,0.0,923d805add7039794f2363537d65f6c3,baseball_mlb
MLB,totals,Over,100.0,+100,0.5531,0.5266,0.5,2.66,5.31,0.5,5.31,0.00034873811864962297,3.4873811864962296,LOW,CLV_MODEL,0,0.0,0,0.0,unknown,0,0.0,0,,,,,williamhill_us,,0.0,0bbbb2fddbaa8b74fdca003a5d074d6f,baseball_mlb
NHL,h2h,Pittsburgh Penguins,-105.0,-105,0.5593,0.5333,0.5074,2.6,5.19,0.5,4.13,0.00028318584070796454,2.8318584070796455,LOW,ARBITRAGE(21.56%),0,0.007389162561576401,0,0.0,unknown,1,21.558,30,marathonbet,onexbet,152.0,,draftkings,,0.0,f0b24d77783a06281b031dd344143437,icehockey_nhl
NBA,h2h,Los Angeles Lakers,144.0,+144,0.4512,0.4252,0.3992,2.6,5.2,0.5,3.75,0.00017043592264831198,1.7043592264831198,LOW,CLV_MODEL,0,0.0,0,0.0016856479592436968,unknown,0,0.0,0,,,,,fanduel,,0.0,c361a0b8c035a055bd9497b52674e3fb,basketball_nba
NBA,h2h,Portland Trail Blazers,185.0,+185,0.3923,0.3664,0.3404,2.59,5.19,0.5,4.41,0.00015732546705998028,1.5732546705998027,LOW,CLV_MODEL,0,0.015202189115232578,0,0.016747178234945037,unknown,0,0.0,0,,,,,draftkings,,0.0,4ae1016a615b3bc0fcef523ab3c8933b,basketball_nba
NBA,h2h,New Orleans Pelicans,200.0,+200,0.375,0.3492,0.3234,2.58,5.16,0.5,4.75,0.00015470337594231394,1.5470337594231394,LOW,CLV_MODEL,0,-0.0033445561773952637,0,-0.0013250713883322107,unknown,0,0.0,0,,,,,bovada,,1.0,c05251e56d0bd871f5523e30058c7735,basketball_nba
NBA,h2h,Toronto Raptors,138.0,+138,0.4641,0.4383,0.4126,2.57,5.14,0.5,4.33,0.00020452310717797436,2.0452310717797437,LOW,ARBITRAGE(3.66%),0,0.0,0,0.0,unknown,1,3.659,30,matchbook,onexbet,-124.0,,fanduel,,0.0,b6b9e83d82f672bcffebdad2ba67d51d,basketball_nba
NHL,h2h,Pittsburgh Penguins,105.0,+105,0.5323,0.5065,0.4808,2.57,5.15,0.5,3.84,0.00023861029170763677,2.386102917076368,LOW,ARBITRAGE(22.28%),0,0.002300331247699683,0,0.0,unknown,1,22.283,30,onexbet,unibet_se,145.0,,bovada,,0.0,5c15c0058458a00ae3cce4d5171e658e,icehockey_nhl
MLB,h2h,Kansas City Royals,132.0,+132,0.4711,0.4459,0.4207,2.52,5.04,0.5,3.46,0.00017043592264831198,1.7043592264831198,LOW,CLV_MODEL,0,-0.0018659501418122337,0,-0.0017360232376928963,unknown,0,0.0,0,,,,,fanduel,,0.0,a69ddb925b6880022ed2ad0e0f2787fd,baseball_mlb
MLB,spreads,Detroit Tigers,145.0,+145,0.4606,0.4358,0.411,2.48,4.96,0.5,6.77,0.0003067846607669616,3.067846607669616,LOW,CLV_MODEL,0,0.0,0,0.0,unknown,0,0.0,0,,,,,betmgm,-1.5,0.0,2c16b21f64ac893fc7dd8fd60f2a018c,baseball_mlb
MLB,totals,Under,110.0,+110,0.5536,0.529,0.5043,2.46,4.93,0.5,11.09,0.0006607669616519172,6.607669616519172,LOW,CLV_MODEL,0,0.0,0,0.0,unknown,0,0.0,0,,,,,betmgm,7.5,0.0,3b5d0ef6c7e43cabe937c7a9f10067e9,baseball_mlb
NBA,totals,Over,-110.0,-110,0.5599,0.5357,0.5115,2.42,4.85,0.5,2.27,0.00016256964929531296,1.6256964929531297,LOW,ARBITRAGE(0.73%),0,-0.017312644722889514,0,-0.011808388738370867,unknown,1,0.732,1,onexbet,pinnacle,-101.0,249.5,draftkings,249.5,0.0,8b86324be55670d1f3c59008ae771dac,basketball_nba
MLB,totals,Over,116.0,+116,0.5708,0.5467,0.5227,2.41,4.81,0.5,18.09,0.001022615535889872,10.226155358898719,LOW,CLV_MODEL,0,0.0,0,0.0,unknown,0,0.0,0,,,,,fanduel,6.5,0.0,76173d6fb6052a6141d640d803185876,baseball_mlb
MLB,totals,Under,-102.0,-102,0.5391,0.515,0.491,2.41,4.81,0.5,1.99,0.00013372664700098325,1.3372664700098325,LOW,CLV_MODEL,0,0.007389162561576401,0,0.007817651917392143,unknown,0,0.0,0,,,,,betmgm,8.0,0.0,a469364d09b62046dd2c9d0acf413e9b,baseball_mlb
MLB,spreads,Miami Marlins,126.0,+126,0.4982,0.4747,0.4511,2.36,4.71,0.5,7.27,0.0003775811209439527,3.775811209439527,LOW,CLV_MODEL,0,0.0,0,0.0,unknown,0,0.0,0,,,,,fanduel,1.5,0.0,65f2df473a540a92e7f974a290ed36fb,baseball_mlb
MLB,spreads,Minnesota Twins,175.0,+175,0.5912,0.5678,0.5444,2.34,4.68,0.5,56.14,0.0010488364470665353,10.488364470665353,LOW,ARBITRAGE(28.18%),0,0.0,0,0.0,unknown,1,28.175,4,betmgm,fanduel,182.0,-1.5,betmgm,1.0,0.0,63131db348d369a559938449619679e9,baseball_mlb
NBA,h2h,Orlando Magic,128.0,+128,0.4784,0.4558,0.4332,2.26,4.52,0.5,3.92,0.0001992789249426417,1.992789249426417,LOW,CLV_MODEL,0,0.05381944444444442,0,0.05425540813255786,unknown,0,0.0,0,,,,,fanduel,,1.0,4f3f3b8a05f65c9938f8dff1229df5e3,basketball_nba
MLB,totals,Under,-110.0,-110,0.5558,0.5336,0.5113,2.23,4.45,0.5,1.86,0.00013372664700098325,1.3372664700098325,LOW,CLV_MODEL,0,-0.0022145451324298016,0,-0.0010451790377284942,unknown,0,0.0,0,,,,,fanduel,8.0,0.0,224916189ace451ec4c3a758ac5d3b0d,baseball_mlb
MLB,h2h,Texas Rangers,-102.0,-102,0.5397,0.5175,0.4953,2.22,4.45,0.5,2.49,0.0001651917404129793,1.651917404129793,LOW,CLV_MODEL,0,-0.004853426519122461,0,-0.0023913243610761414,unknown,0,0.0,0,,,,,betmgm,,1.0,2a8e5f1a3a4ac585a773ec30d535e4e0,baseball_mlb
NBA,h2h,Minnesota Timberwolves,140.0,+140,0.4556,0.4335,0.4114,2.21,4.42,0.5,4.04,0.00018879056047197635,1.8879056047197635,LOW,CLV_MODEL,0,0.0,0,0.0,unknown,0,0.0,0,,,,,williamhill_us,,0.0,b70520c84d1db67fb83d5d3666ef1d46,basketball_nba
NHL,spreads,Carolina Hurricanes,320.0,+320,0.4481,0.4265,0.405,2.16,4.32,0.5,79.15,0.0010488364470665353,10.488364470665353,LOW,ARBITRAGE(55.53%),0,-0.3151745806965527,0,-0.30669305509121375,synthetic,1,55.534,10,unibet_se,betmgm,360.0,-1.5,fanduel,-1.5,0.0,ba2e152d04d7eb0f5891169a17d654d6,icehockey_nhl
NHL,h2h,Philadelphia Flyers,-112.0,-112,0.5593,0.5381,0.5169,2.12,4.24,0.5,1.86,0.00013634873811864956,1.3634873811864956,LOW,"SHARP_MONEY, ARBITRAGE(21.56%)",1,-0.013608219364496188,0,0.0,unknown,1,21.558,30,onexbet,marathonbet,158.0,,bovada,,1.0,f0b24d77783a06281b031dd344143437,icehockey_nhl
NBA,totals,Under,-108.0,-108,0.551,0.53,0.5089,2.1,4.21,0.5,2.07,0.00014683710258931492,1.4683710258931493,LOW,CLV_MODEL,0,0.013738779996336326,0,0.013361839437054268,unknown,0,0.0,0,,,,,fanduel,208.5,0.0,0d0aa62d4305ee094389473b308ce0bd,basketball_nba
NBA,h2h,Milwaukee Bucks,115.0,+115,0.4983,0.4782,0.458,2.01,4.03,0.5,2.81,0.00015994755817764665,1.5994755817764665,LOW,CLV_MODEL,0,0.0,0,0.0,unknown,0,0.0,0,,,,,williamhill_us,,1.0,ce4beaf577105bae5d26c3205ccce3b4,basketball_nba
MLB,spreads,Arizona Diamondbacks,210.0,+210,0.427,0.4076,0.3883,1.93,3.86,0.5,26.37,0.0008233366109472301,8.233366109472302,LOW,ARBITRAGE(33.26%),0,0.0,0,0.0,unknown,1,33.259,12,betmgm,mybookieag,190.0,-1.5,betmgm,-1.0,1.0,a1b5b1f882e1c817603a505107a56d2f,baseball_mlb
MLB,h2h,Colorado Rockies,280.0,+280,0.5367,0.5183,0.5,1.83,3.67,0.5,96.97,0.0010488364470665353,10.488364470665353,LOW,CLV_MODEL,0,0.0,0,0.0,unknown,0,0.0,0,,,,,betmgm,,0.0,1daf20445fbf24373621ac69d10909d6,baseball_mlb
MLB,h2h,Atlanta Braves,160.0,+160,0.5355,0.5178,0.5,1.78,3.55,0.5,34.62,0.0010488364470665353,10.488364470665353,LOW,CLV_MODEL,0,0.0,0,0.0,unknown,0,0.0,0,,,,,bovada,,1.0,8a412fa061b10c75d57bc591bf081271,baseball_mlb
MLB,totals,Under,105.0,+105,0.5175,0.4998,0.4822,1.77,3.53,0.5,2.46,0.00015470337594231394,1.5470337594231394,LOW,CLV_MODEL,0,0.0,0,0.0,unknown,0,0.0,0,,,,,betmgm,10.0,0.0,4bfe574e7c5269d65b3a9936e5793ada,baseball_mlb
NHL,h2h,Vegas Golden Knights,-112.0,-112,0.5593,0.5427,0.5261,1.66,3.32,0.5,2.72,0.0001992789249426417,1.992789249426417,LOW,"SHARP_MONEY, ARBITRAGE(21.54%)",1,-0.008817370219332044,0,0.0,unknown,1,21.538,29,unibet_se,onexbet,160.0,,draftkings,,0.0,863fdb33769ad2bb155134384e205a7a,icehockey_nhl
NBA,h2h,Portland Trail Blazers,150.0,+150,0.4412,0.4247,0.4083,1.64,3.28,0.5,6.19,0.00027007538511963284,2.7007538511963283,LOW,CLV_MODEL,0,-0.08654045320850079,0,-0.08251335639401375,unknown,0,0.0,7,,,,,draftkings,,1.0,af4847d63733e67ddd02f2bafac8ea6f,basketball_nba
MLB,h2h,Los Angeles Angels,115.0,+115,0.5326,0.5163,0.5,1.63,3.26,0.5,11.01,0.0006266797771222549,6.266797771222548,LOW,ARBITRAGE(2.99%),0,0.0,0,0.0,unknown,1,2.993,11,betmgm,lowvig,-102.0,,betmgm,,0.0,781378f4580bd5ca464d5bfa8f1035a2,baseball_mlb
NHL,h2h,Minnesota Wild,152.0,+152,0.5322,0.5161,0.5,1.61,3.22,0.5,30.06,0.0010488364470665353,10.488364470665353,LOW,CLV_MODEL,0,0.0,0,0.0,unknown,0,0.0,0,,,,,draftkings,,0.0,dffd95aefd43cfbbe00c7e861001be14,icehockey_nhl
NHL,h2h,Buffalo Sabres,100.0,+100,0.5323,0.5161,0.5,1.61,3.23,0.5,3.23,0.00021238938053097338,2.123893805309734,LOW,ARBITRAGE(21.09%),0,-0.0024875621890547706,0,0.0,unknown,1,21.089,30,onexbet,unibet_se,150.0,,bovada,,0.0,d618bdbd532e173a5e9e0f985de4af4c,icehockey_nhl
NHL,h2h,Pittsburgh Penguins,164.0,+164,0.5323,0.5161,0.5,1.61,3.23,0.5,36.26,0.0010488364470665353,10.488364470665353,LOW,CLV_MODEL,0,0.0,0,0.0,unknown,0,0.0,0,,,,,draftkings,,0.0,f2d7bfc5fcf72c2275d21da44aef4b5a,icehockey_nhl
NHL,h2h,Dallas Stars,152.0,+152,0.5322,0.5161,0.5,1.61,3.22,0.5,30.06,0.0010488364470665353,10.488364470665353,LOW,CLV_MODEL,0,0.0,0,0.0,unknown,0,0.0,0,,,,,draftkings,,0.0,c67ffe206ed27a555efcff830334df7e,icehockey_nhl
NHL,h2h,Minnesota Wild,142.0,+142,0.5322,0.5161,0.5,1.61,3.22,0.5,24.9,0.0010488364470665353,10.488364470665353,LOW,CLV_MODEL,0,0.0,0,0.0,unknown,0,0.0,0,,,,,draftkings,,0.0,5c45bb4b4310c3efc4baaf7a5f5046d4,icehockey_nhl
NHL,h2h,Philadelphia Flyers,170.0,+170,0.5322,0.5161,0.5,1.61,3.22,0.5,39.35,0.0010488364470665353,10.488364470665353,LOW,ARBITRAGE(20.52%),0,0.0,0,0.0,unknown,1,20.519,18,onexbet,leovegas_se,-110.0,,draftkings,,0.0,e525b26df615c89d31e7affabdb475e3,icehockey_nhl
NHL,h2h,Philadelphia Flyers,160.0,+160,0.5323,0.5161,0.5,1.61,3.23,0.5,34.19,0.0010488364470665353,10.488364470665353,LOW,CLV_MODEL,0,0.0,0,0.0,unknown,0,0.0,0,,,,,draftkings,,0.0,7f605acb7f99134918723ef1b60ad3d6,icehockey_nhl
MLB,h2h,Washington Nationals,160.0,+160,0.4992,0.484,0.4687,1.52,3.04,0.5,25.83,0.0010488364470665353,10.488364470665353,LOW,ARBITRAGE(6.79%),0,0.0,0,0.0,unknown,1,6.787,20,williamhill_us,betonlineag,-121.0,,williamhill_us,,0.0,1a7da3935dee427bcfb5038b6aca6b69,baseball_mlb
NBA,totals,Over,-105.0,-105,0.5402,0.5258,0.5115,1.44,2.87,0.5,2.66,0.00018354637823664367,1.8354637823664368,LOW,CLV_MODEL,0,0.026066350710900466,0,0.029319249133792302,unknown,0,0.0,0,,,,,draftkings,234.0,0.0,4f3f3b8a05f65c9938f8dff1229df5e3,basketball_nba
MLB,spreads,Los Angeles Angels,168.0,+168,0.5265,0.5133,0.5,1.33,2.65,0.5,37.55,0.0010488364470665353,10.488364470665353,LOW,ARBITRAGE(23.62%),0,0.0,0,0.0,unknown,1,23.624,3,fanduel,nordicbet,156.0,-1.5,draftkings,,0.0,4bd84afb941f32d8212a16abd49c992b,baseball_mlb
MLB,spreads,Pittsburgh Pirates,185.0,+185,0.5559,0.543,0.53,1.29,2.59,0.5,54.74,0.0010488364470665353,10.488364470665353,LOW,ARBITRAGE(31.01%),0,0.0,0,0.0,unknown,1,31.014,1,betmgm,coolbet,195.0,-1.5,betmgm,1.0,0.0,17a28912aee00dc855f859e2835228d9,baseball_mlb
NHL,h2h,Buffalo Sabres,-115.0,-115,0.5593,0.5471,0.5349,1.22,2.44,0.5,2.28,0.00017305801376597832,1.7305801376597831,LOW,ARBITRAGE(20.94%),0,-0.006400682739492236,0,0.0,unknown,1,20.942,29,onexbet,onexbet,165.0,,williamhill_us,,0.0,e8e7f71bd27bb8061fbbd5af896ae23c,icehockey_nhl
MLB,h2h,Milwaukee Brewers,105.0,+105,0.5227,0.5113,0.5,1.13,2.27,0.5,4.82,0.00030154047853162886,3.0154047853162886,LOW,ARBITRAGE(1.71%),0,0.0,0,0.0,unknown,1,1.715,3,betmgm,betfair_ex_eu,102.0,,betmgm,,1.0,0bbbb2fddbaa8b74fdca003a5d074d6f,baseball_mlb
NHL,h2h,Montréal Canadiens,-102.0,-102,0.5593,0.5482,0.537,1.11,2.23,0.5,8.56,0.0005716158636512618,5.716158636512618,LOW,ARBITRAGE(25.61%),0,0.0,0,0.0,unknown,1,25.614,20,unibet_nl,unibet_nl,163.0,,fanduel,,1.0,f852249347a7ae69bc8a8d2b0097a030,icehockey_nhl
MLB,h2h,Houston Astros,106.0,+106,0.5217,0.5109,0.5,1.09,2.17,0.5,5.24,0.0003251392985906259,3.2513929859062594,LOW,CLV_MODEL,0,0.0,0,0.0,unknown,0,0.0,0,,,,,fanduel,,0.0,7459efe5719c27130877cc640b75f8ba,baseball_mlb
NHL,h2h,Montréal Canadiens,105.0,+105,0.5323,0.5222,0.5122,1.0,2.01,0.5,7.06,0.0004405113077679448,4.405113077679448,LOW,ARBITRAGE(25.00%),0,0.01958428451279587,0,0.0,unknown,1,25.0,21,unibet_nl,coolbet,140.0,,bovada,,1.0,ae9003a3e6fcbb6dcb1aa2bb4ce6947a,icehockey_nhl
MLB,h2h,St. Louis Cardinals,130.0,+130,0.5176,0.5088,0.5,0.88,1.76,0.5,17.02,0.0008574237954768925,8.574237954768925,LOW,CLV_MODEL,0,0.0,0,0.0,unknown,0,0.0,0,,,,,betmgm,,0.0,e837e7b2a838ec74034cfbc99b119fb2,baseball_mlb
MLB,totals,Under,105.0,+105,0.5186,0.5104,0.5022,0.82,1.64,0.5,4.63,0.00028843002294329717,2.884300229432972,LOW,CLV_MODEL,0,0.0,0,0.0,unknown,0,0.0,0,,,,,betmgm,9.0,0.0,d8627b6c88e823c4e5eadd5bb0041769,baseball_mlb
MLB,spreads,Detroit Tigers,106.0,+106,0.5343,0.5261,0.5178,0.82,1.65,0.5,8.37,0.0005165519501802685,5.165519501802685,LOW,CLV_MODEL,0,0.0,0,0.0,unknown,0,0.0,1,,,,,fanduel,-2.0,0.0,4bfe574e7c5269d65b3a9936e5793ada,baseball_mlb
NHL,h2h,Boston Bruins,-118.0,-118,0.5593,0.5524,0.5455,0.69,1.38,0.5,2.05,0.00015732546705998028,1.5732546705998027,LOW,ARBITRAGE(21.36%),0,0.01715265866209259,0,0.0,unknown,1,21.364,29,coolbet,marathonbet,168.0,,draftkings,,1.0,22d202aee787bcd6f4488f76fa15c3fd,icehockey_nhl
MLB,totals,Over,-102.0,-102,0.526,0.5202,0.5144,0.58,1.16,0.5,3.02,0.00020190101606030805,2.0190101606030804,LOW,ARBITRAGE(0.72%),0,0.0,0,0.0,unknown,1,0.724,1,betmgm,williamhill_us,105.0,12.5,betmgm,12.5,0.0,923d805add7039794f2363537d65f6c3,baseball_mlb
MLB,h2h,Los Angeles Angels,102.0,+102,0.5106,0.5053,0.5,0.53,1.06,0.5,2.07,0.00013372664700098325,1.3372664700098325,LOW,CLV_MODEL,0,0.0,0,0.0,unknown,0,0.0,0,,,,,draftkings,,0.0,4bd84afb941f32d8212a16abd49c992b,baseball_mlb
